id,domain,status,purchase_price,renewal_price,attractiveness,demand,length,registrar,created_at,expires_at
006cfddc-3814-47a3-b13e-2dbdd00f5366,creditspread.bot,available,78.98,,60,1,13,namecheap,,
00904c75-f764-4ee7-b4f0-56a9376dd776,Qtips.bot,available,78.98,,60,4,6,namecheap,,
00a685b8-e5b5-4f45-b920-2d01f3256e59,gotowards.bot,available,78.98,,68,1,10,namecheap,,
00a7b95b-fe98-4907-8708-c8787db07809,roastpork.bot,available,78.98,,76,1,10,namecheap,,
00aa067d-6220-4327-9c01-5e4a5f0d35e8,penandpaper.bot,available,64.99,64.99,64,7,13,namesilo,,
00d4a806-3caa-4299-8801-02490de73f23,goonvacation.bot,available,78.98,,48,1,14,namecheap,,
00fe4590-b656-45b6-bfe9-a9223a811680,coffeepots.bot,available,64.99,64.99,62,2,10,namesilo,,
01034744-e2bc-4bae-8b10-c604c202409d,turnsback.bot,available,64.99,64.99,53,1,10,namesilo,,
011b877a-e345-486e-8e14-22221456f14e,searches.bot,available,64.99,64.99,50,9,8,namesilo,,
01207f22-8843-468d-9741-d779e1dd5b6a,justyouwait.bot,available,78.98,,46,1,13,namecheap,,
015e2ee5-493d-4940-a9ff-f5f10ed3f14b,intheraw.bot,available,78.98,,64,2,10,namecheap,,
0177eede-74bc-42d1-a5a1-e1c6ea0d38fe,steerclear.bot,available,78.98,,80,2,11,namecheap,,
01e07654-48b3-467b-9a2e-1f0aeeb94788,furthermore.bot,available,78.98,,68,7,11,namecheap,,
01f1b2e5-73fb-4e88-8cd5-abea07fe7d93,OKs.bot,premium,116,116,68,13,3,namesilo,,
0200e818-3ebb-420b-b664-fe851c283534,plumbers.bot,available,64.99,64.99,50,14,8,namesilo,,
022d16eb-9e78-4794-9a07-972d3a153ca1,transported.bot,available,78.98,,61,4,11,namecheap,,
0240ce11-9fc3-4268-9c54-4627bb932d6e,alcoves.bot,available,64.99,64.99,48,3,7,namesilo,,
024955c5-3500-4998-b6ef-67aa0c2fcc8f,pipecleaners.bot,available,64.99,64.99,45,1,13,namesilo,,
024a098b-0294-4aa6-910b-9151a389d3b4,changeoftune.bot,available,78.98,,64,0,14,namecheap,,
024cff8d-7cdb-4edd-af79-45722aaa98b7,fours.bot,available,64.99,64.99,68,8,5,namesilo,,
025148e4-e007-45d2-bc29-bceffc7c2878,electricaltape.bot,available,78.98,,64,1,15,namecheap,,
026c8e66-7a31-4a00-991f-2b4dcb872e93,GodtheHolySpirit.bot,available,78.98,,58,1,19,namecheap,,
02ba51c7-7f11-4b9b-ba94-8cd55db40c8f,givethegreenlight.bot,available,78.98,,54,1,20,namecheap,,
02c79b0c-31a7-4a86-8b07-87fa422277c1,swords.bot,available,78.98,,52,10,6,namecheap,,
02d73eb5-8542-4150-9979-04c76ad21daa,Frenchtoast.bot,available,78.98,,80,7,12,namecheap,,
02e19bca-2a63-4c08-9b2e-d80fd1f327a8,getittogether.bot,available,78.98,,75,3,15,namecheap,,
02f044fc-d32c-4a3e-8877-dee71c060777,deadoralive.bot,available,78.98,,54,5,13,namecheap,,
02f45950-3ee8-4607-b028-498f7bbd625d,motorinn.bot,available,78.98,,74,1,9,namecheap,,
02fbf018-ccf4-45d1-ac48-afaff07edff6,snuck.bot,available,64.99,64.99,46,3,5,namesilo,,
0313b211-ea65-4edc-85a1-f57d39c3f6fc,conducted.bot,available,78.98,,54,2,9,namecheap,,
03282e2c-cc24-40e9-aa07-1680809b8f8d,vitamins.bot,available,64.99,64.99,60,17,8,namesilo,,
033ef66c-8fc0-4346-8c8c-d048e3d950e2,tastes.bot,available,64.99,64.99,52,6,6,namesilo,,
034671d0-cc7e-4022-9d97-7a77d65fc7f9,GodSavetheQueen.bot,available,78.98,,76,3,18,namecheap,,
03496cbc-9e2f-4301-a6a4-d49722088315,runon.bot,available,78.98,,67,4,6,namecheap,,
03aa9f98-c7e2-4019-8a2c-cbbcbfbd45c6,sirens.bot,available,64.99,64.99,48,11,6,namesilo,,
03c93ab6-1f9d-4be1-ba60-ec39984d39cb,monopolizing.bot,available,64.99,64.99,40,1,12,namesilo,,
03d01023-d3c6-4943-9e88-2aaa83672abb,remarks.bot,available,78.98,,56,6,7,namecheap,,
03d33756-9564-4ee4-9491-247e83067ecd,alcoholproblem.bot,available,78.98,,30,1,15,namecheap,,
03d7cbd5-4ce9-4f07-9f25-45ef942c3e97,turnorburn.bot,available,78.98,,56,1,12,namecheap,,
03fb463f-0048-4e41-8389-c4e34d5dd4a4,collapsing.bot,available,64.99,64.99,38,3,10,namesilo,,
03febca5-3e19-47ba-8c21-601de25b9448,sentences.bot,available,78.98,,60,5,9,namecheap,,
0402f07e-d2e7-451f-a941-262c47a039dc,VanGoghs.bot,available,64.99,64.99,53,2,9,namesilo,,
040f5b36-8781-4cb9-9cc9-05d25df20b1f,motorinsurance.bot,available,78.98,,60,4,15,namecheap,,
0414a6de-0eab-49b3-ad7a-3989f4e995e1,commonsalt.bot,available,78.98,,72,1,11,namecheap,,
0417e8da-f58a-4f65-ae42-e172bba49814,inthemain.bot,available,78.98,,50,1,11,namecheap,,
04237c7f-68c8-40af-aa3d-da01b7321738,lookingforwardto.bot,available,78.98,,54,2,18,namecheap,,
042a747e-7b16-416b-8281-35655b96e921,wrists.bot,available,64.99,64.99,49,3,6,namesilo,,
04371a7e-3a9c-46fc-ad11-6b204a9fbe3f,RoyalMail.bot,available,64.99,64.99,76,12,10,namesilo,,
044ee201-ecf8-4d68-999b-850d8b44a2ca,cometotermswith.bot,available,78.98,,66,1,18,namecheap,,
0457af02-0e7c-4fbe-9b8b-dc80662976ca,fellowships.bot,available,64.99,64.99,52,4,11,namesilo,,
046dd6b4-9fdc-4e06-a379-3965bbf51401,costbenefit.bot,available,78.98,,52,3,12,namecheap,,
048a741f-4f19-448f-ad80-c565ab7ef1da,todolist.bot,available,78.98,,73,12,10,namecheap,,
048f7d0f-a390-4f5d-9767-f54d72813e15,pairofhands.bot,available,78.98,,64,1,13,namecheap,,
04bbc24a-280c-4874-9bee-30bcb6522b7b,Xrays.bot,available,78.98,,52,5,6,namecheap,,
04cc74e0-4729-4297-b439-4f4b866c7f6d,arrays.bot,available,64.99,64.99,50,5,6,namesilo,,
04f55ebf-0e35-4f63-9288-ca98ef1152fa,pieces.bot,available,78.98,,62,12,6,namecheap,,
05170845-7d5a-465f-aae5-a6a5a6669c3d,flashflooding.bot,available,78.98,,52,0,14,namecheap,,
055fba41-b1ac-43c7-bfcd-37f96876c384,toured.bot,available,64.99,64.99,52,3,6,namesilo,,
056835c3-6e4f-499b-9b95-bec7365393cf,socialstatus.bot,available,78.98,,64,6,13,namecheap,,
056a5063-b9dd-4ff9-9f4a-dd03890ec322,doesnotcompute.bot,available,78.98,,40,3,16,namecheap,,
0578d141-0afe-46cc-8861-e65b0f065ef8,knows.bot,available,78.98,,48,20,5,namecheap,,
0596c61a-5f7d-44e9-8812-83888cd37a2b,motorvehicles.bot,available,64.99,64.99,42,1,14,namesilo,,
05a3e226-201f-447e-a624-7a77ed8117f0,coats.bot,available,78.98,,68,12,5,namecheap,,
05bd7bec-fa8b-4579-a1d0-f86f1d36fd4b,textures.bot,available,78.98,,50,9,8,namecheap,,
05e93c60-ceeb-4828-b5e6-112ce348abef,useto.bot,available,64.99,64.99,72,2,6,namesilo,,
05ebc2bc-e4ea-4518-9c3e-56f7a216de69,indoor.bot,available,78.98,,72,15,6,namecheap,,
05ef815c-e53f-4546-a402-91126a426a5b,distinctiveness.bot,available,64.99,64.99,72,1,15,namesilo,,
06082524-5fa1-4009-bb55-2b5ec47509de,backwhen.bot,available,78.98,,54,3,9,namecheap,,
060d8a13-c2a6-47ee-aaef-291faec95ac6,givingbirth.bot,available,78.98,,89,2,12,namecheap,,
061e815d-4cf3-444d-9c1a-b6ce83f31510,ifpossible.bot,available,78.98,,64,1,11,namecheap,,
062a4494-6e3a-4cc9-9e1d-ac4802d7a97d,lightup.bot,available,78.98,,82,15,8,namecheap,,
062cc637-650c-4a8b-b719-022220c7c714,daughters.bot,available,78.98,,60,8,9,namecheap,,
063f9aa6-8fe8-44da-b9ca-6e0f51aec279,chickenofthesea.bot,available,78.98,,68,2,18,namecheap,,
068d2446-5759-450a-a971-739f98fffe5d,biosensors.bot,available,64.99,64.99,62,3,10,namesilo,,
069b86d0-8f8a-40e9-9a62-92d4cf938763,commonterm.bot,available,78.98,,68,1,11,namecheap,,
06a3b926-1819-48d5-99ee-61be67c324aa,cometoterms.bot,available,78.98,,66,1,13,namecheap,,
06c3408b-9364-4957-966b-d9093f95a15f,takeoffice.bot,available,78.98,,77,2,11,namecheap,,
06d28c11-8534-46af-9ed9-6896426b5f43,paradoxes.bot,available,64.99,64.99,70,3,9,namesilo,,
06d619f4-bd93-41a8-ab11-eadd5152be9c,slampoetry.bot,available,78.98,,78,2,11,namecheap,,
06e53804-2d71-4a1f-890e-d7af064493f4,terminators.bot,available,64.99,64.99,46,3,11,namesilo,,
06f0332e-9ad0-4585-a013-a3e7e07cc6cf,counterattack.bot,available,78.98,,64,3,14,namecheap,,
070892c5-125d-4b76-af6a-10caf4e3b57d,godowninhistory.bot,available,78.98,,68,1,18,namecheap,,
071c8c7e-5136-477f-b502-0c31cf2fb08e,deaths.bot,available,64.99,64.99,50,6,6,namesilo,,
07206f81-b602-45e4-9510-b58568ffa836,BlackWallStreet.bot,available,64.99,64.99,44,9,17,namesilo,,
072824ec-4cda-44e1-849c-3b242f0cb534,switches.bot,available,78.98,,58,7,8,namecheap,,
07329e9b-ab63-4c00-bed5-55cb947f5c4d,Tabascosauce.bot,available,78.98,,57,1,13,namecheap,,
0743e8ca-63b9-4cc2-8340-3269f214de3c,onetrickpony.bot,available,78.98,,56,6,14,namecheap,,
0750317f-2992-42b6-862e-43a7c007991e,spillover.bot,available,78.98,,68,4,10,namecheap,,
078333f2-62a6-46ad-b875-012f9096a504,makewaves.bot,available,78.98,,78,8,10,namecheap,,
07fc8558-c9fa-484f-95d9-ec574b1351f9,setthestage.bot,available,78.98,,66,3,13,namecheap,,
081c7504-a6fe-4829-8623-4fc5baafb95b,longago.bot,available,78.98,,68,3,8,namecheap,,
083b74fa-ca7e-43af-b820-2334dd2a6112,manuals.bot,available,64.99,64.99,54,13,7,namesilo,,
0858ff8b-c007-41e2-a966-307c9326df16,bonappetit.bot,available,78.98,,86,8,11,namecheap,,
087e25ce-e717-4a6e-8930-75bb2eeeaaef,highsociety.bot,available,78.98,,73,8,12,namecheap,,
088c9b2f-c96e-4304-a48a-2ddf47395c56,goquietly.bot,available,78.98,,66,1,10,namecheap,,
08a4602a-6b1c-487f-ac24-f6ac813a66d9,goshknows.bot,available,78.98,,46,1,10,namecheap,,
08c5cf64-0848-4bdc-a565-6e6aaa1f7ffd,recalled.bot,available,78.98,,62,4,8,namecheap,,
08d07b10-1643-451d-aa01-12efeb15a56f,midautumn.bot,available,78.98,,80,2,9,namecheap,,
08d0cec0-9c02-41c5-9f73-b68a0a57b979,gothrough.bot,available,78.98,,70,2,10,namecheap,,
093704ef-ee23-4b2a-837c-de4c2437659a,aboutto.bot,available,78.98,,56,2,8,namecheap,,
09379e77-9294-4b35-9716-4e55898daf8f,inhospital.bot,available,78.98,,60,1,11,namecheap,,
093e4a86-a967-46dd-bf96-932434b3e295,cents.bot,available,78.98,,56,9,5,namecheap,,
09490d16-6446-47e2-9c70-4f6aa91765cf,welds.bot,available,78.98,,59,4,5,namecheap,,
0970617a-7c7c-4b71-91d5-ad37dda8f056,makefriendswith.bot,available,64.99,64.99,58,1,17,namesilo,,
09754708-d733-41bd-82fe-d9b08f19843b,sneezed.bot,available,78.98,,47,2,7,namecheap,,
097e3709-91ce-4297-a87c-2ee10bcaebca,coulduse.bot,available,78.98,,56,1,9,namecheap,,
09979171-3244-4850-bb97-2b85c6fda868,wouldof.bot,available,64.99,64.99,55,1,8,namesilo,,
09b5e92f-6871-4721-b2c4-e541681c5660,organizers.bot,available,64.99,64.99,56,6,10,namesilo,,
09d13b3a-a5da-4314-9294-548d502a1ce2,reallife.bot,available,78.98,,68,17,9,namecheap,,
09e32ee3-0062-49c7-a8be-12773127c012,letoneoff.bot,available,78.98,,77,1,11,namecheap,,
09e4953d-77f3-476a-a1f4-032706695829,texting.bot,premium,625,,72,13,7,name.com,,
09fca60f-deb4-46cc-8db5-8d4ea4ba7b57,abided.bot,available,78.98,,70,1,6,namecheap,,
09ffe85d-229c-457a-8973-eb19a04e93d4,getiton.bot,available,78.98,,84,3,9,namecheap,,
0a127d01-ceaa-4f5d-b551-3c9b7332d4fb,senses.bot,available,78.98,,63,13,6,namecheap,,
0a148cbb-43d7-4e5e-9307-eb2b8adaf3f6,alternatively.bot,available,78.98,,58,9,13,namecheap,,
0a367049-7cdd-4594-8e15-e840b4fc8d94,paperingover.bot,available,78.98,,53,1,13,namecheap,,
0a6c1116-247e-4e4e-aa8b-d887aca095bd,thrilly.bot,available,78.98,,71,2,7,namecheap,,
0a6cfea7-1977-4207-872b-fc7e8aedb2f9,arrows.bot,available,78.98,,52,14,6,namecheap,,
0a73f63c-a10c-4ff9-958f-ea4e1b3d3d5a,makeupremover.bot,available,78.98,,70,2,14,namecheap,,
0a76adc6-dd01-4b7d-bc7a-b6493093c7bc,purses.bot,available,64.99,64.99,53,7,6,namesilo,,
0a7c7da7-677b-4e09-90fb-cd81945af50a,movemountains.bot,available,78.98,,72,4,14,namecheap,,
0a912203-f6ca-4847-bfb5-b217c8d140e8,platepaper.bot,available,78.98,,66,0,11,namecheap,,
0a94dddf-6b24-4fd8-aad1-1578a040974f,tothe.bot,available,64.99,64.99,54,7,6,namesilo,,
0aa55fc6-fbc9-4f01-bef4-b0617ddee5fb,safest.bot,available,64.99,64.99,64,9,6,namesilo,,
0b06afd1-91f0-441f-9e30-2adf4a200184,endconsumer.bot,available,78.98,,68,1,12,namecheap,,
0b3da752-c0e1-48dd-b44f-109e66a95d5d,sneezes.bot,available,64.99,64.99,50,2,7,namesilo,,
0b3eac14-3ea4-4927-a831-d0a599f9afaa,gascooker.bot,available,78.98,,52,1,10,namecheap,,
0b4344ab-3a1f-4474-8477-84421656fcab,pizzaslice.bot,available,64.99,64.99,56,4,11,namesilo,,
0b46881a-7bc1-4afc-9afc-8d38b783f2a8,changeup.bot,available,78.98,,70,8,9,namecheap,,
0b6d3a1c-5bfc-4aa0-ac97-0f439af9cc3c,traps.bot,available,64.99,64.99,68,7,5,namesilo,,
0b9cbf0a-0a93-45c8-a747-1d8c7497c244,tips.bot,premium,625,,80,26,4,name.com,,
0ba0ebb8-0881-45e0-94fe-c6e56302f413,revenues.bot,available,78.98,,54,6,8,namecheap,,
0bab794e-b26b-4376-a5c3-3c349faeaee9,induecourse.bot,available,78.98,,57,0,13,namecheap,,
0bd12f01-ce3d-4422-84f7-72842618828c,communityservice.bot,available,78.98,,72,5,17,namecheap,,
0bed07f0-7d65-4db6-a113-5e75c66c5107,slightest.bot,available,78.98,,56,1,9,namecheap,,
0bf5b761-9231-49bd-83d6-7048d221ee74,compilers.bot,available,78.98,,56,4,9,namecheap,,
0c0ceb6f-5cb8-4858-a99a-45103a95e8c0,finalreckoning.bot,available,78.98,,58,2,15,namecheap,,
0c254556-cced-48d3-8eb7-2e38aa34be42,gomad.bot,available,64.99,64.99,70,5,6,namesilo,,
0c2a7770-987d-493a-827f-b1a90f20f0e5,divein.bot,available,78.98,,76,9,7,namecheap,,
0c8a490d-00b0-4ff8-bca2-ba3b889a456c,packs.bot,available,78.98,,54,15,5,namecheap,,
0c97c9fe-ea52-4093-afac-cf252d97f7de,commonyears.bot,available,64.99,64.99,54,1,12,namesilo,,
0c9a448b-e8b5-4a29-876a-f68b5b29c731,splits.bot,available,64.99,64.99,70,9,6,namesilo,,
0ca6a43c-dd51-45c5-9274-2310748df6a9,waited.bot,available,78.98,,58,3,6,namecheap,,
0ca6bd4d-4b87-4cce-8d68-7197da904265,tongues.bot,available,78.98,,51,6,7,namecheap,,
0cab78b3-246f-46e3-8767-60b42f3e9a11,warned.bot,available,78.98,,54,4,6,namecheap,,
0cb64db6-4607-4a1f-8d9e-ffec9a957615,rioted.bot,available,78.98,,44,1,6,namecheap,,
0cc7d37d-f17a-426e-a209-84e77cd97292,practicality.bot,available,78.98,,72,3,12,namecheap,,
0ccf2819-dcf8-44ec-8da3-5c67207e46c7,tycoons.bot,available,64.99,64.99,55,6,7,namesilo,,
0ced3120-e928-4037-87f6-f65762a13496,relics.bot,available,78.98,,52,7,6,namecheap,,
0cf9d9ed-56ab-4861-b22c-8b9d499ff2ff,pincushions.bot,available,64.99,64.99,52,1,11,namesilo,,
0cfb645e-4d44-4d3c-9b03-7dc8b2d6a09a,pills.bot,available,64.99,64.99,56,15,5,namesilo,,
0d0533ee-d5e7-4c85-84bd-05e0f8f26b44,vergeon.bot,available,78.98,,68,1,8,namecheap,,
0d06b0c8-2f2b-44c4-bc4f-d99825ad3bbf,mostoften.bot,available,78.98,,56,0,10,namecheap,,
0d27b00b-a106-48ec-9153-330269ba39aa,droppedoff.bot,available,64.99,64.99,52,1,11,namesilo,,
0d45270c-5c18-48cd-b66f-414c3fa22a8a,runs.bot,available,78.98,,68,12,4,namecheap,,
0d460976-78de-419a-bcb1-0f3627e5c363,vales.bot,available,64.99,64.99,56,9,5,namesilo,,
0d4ae1ac-6b39-4c23-9657-bb8f7cda6322,televised.bot,available,64.99,64.99,72,3,9,namesilo,,
0d70a110-3d5a-4bc8-a9d9-1b559d120aa8,drycleaning.bot,available,64.99,64.99,74,9,11,namesilo,,
0da332fa-fdca-414b-9775-2d563534c567,hitormiss.bot,available,78.98,,66,3,11,namecheap,,
0db612f2-b99e-4173-b203-0fa9fa3c0064,surprises.bot,available,64.99,64.99,64,4,9,namesilo,,
0dc9192b-0bea-4755-b9a6-c8f638093e09,oaktrees.bot,available,64.99,64.99,56,3,9,namesilo,,
0de23c1c-d18a-457d-873a-bb23f90f36d3,beridof.bot,available,78.98,,46,1,9,namecheap,,
0dfb3182-518e-47c9-83b2-aa874b8f2c47,bluecheckmark.bot,available,78.98,,70,2,15,namecheap,,
0e3cd004-81ad-4df1-acc1-dcf435e9a635,seekers.bot,available,64.99,64.99,58,15,7,namesilo,,
0e6c3e62-6147-4c9a-a9cb-feba4fbb919c,fellowfeeling.bot,available,78.98,,62,1,14,namecheap,,
0e743164-9879-4a66-aac9-046f22d94291,onestepahead.bot,available,78.98,,58,4,14,namecheap,,
0e78089e-64de-45ed-ac78-a3744285b0a6,brings.bot,available,78.98,,52,8,6,namecheap,,
0ebfa93d-ce3b-4e00-b392-467ac7fadeea,ladies.bot,available,78.98,,80,17,6,namecheap,,
0ed2154a-4f95-4bf0-91df-e0a4c8619b6e,stepforward.bot,available,78.98,,74,10,12,namecheap,,
0f221e56-2584-448a-8116-8aacb4f7a226,JusticeLeague.bot,available,78.98,,52,7,14,namecheap,,
0f2b23b1-ad3f-4417-97b5-44f271bdda67,coffeecupful.bot,available,64.99,64.99,80,1,12,namesilo,,
0f332c56-01ec-4785-8798-f76d067ab310,makefriendly.bot,available,78.98,,72,1,13,namecheap,,
0f376240-7ee9-4526-8219-c2081cfe51db,pierogi.bot,available,78.98,,82,7,7,namecheap,,
0f4da51c-0068-4e9e-a1f9-2ac4ca374dda,entertheequation.bot,available,78.98,,62,0,18,namecheap,,
0f55d9b7-210a-4a8b-b3bd-6cf0c17141a7,noodlebar.bot,available,78.98,,62,2,10,namecheap,,
0f5b68dc-1747-4d56-8216-c25743dab771,peas.bot,available,78.98,,51,10,4,namecheap,,
0f7e9130-c2c1-48f4-b083-5804d60fd0bf,generalstores.bot,available,64.99,64.99,50,2,14,namesilo,,
0f852533-0696-42f7-8dc1-4512215f5d99,Schneider.bot,resell,,,66,38,9,"Dynadot, LLC",05/07/2024 04:15,05/07/2026 04:15
0f8904fa-c0f6-47db-8779-bd2b820fa05a,radioed.bot,available,78.98,,50,1,7,namecheap,,
0f92689a-9027-4d73-a218-1bf5e085f1ef,IsleofPurbeck.bot,available,78.98,,52,2,15,namecheap,,
0fa30484-facb-4404-9e19-a929ee4d7ea5,comeintoplay.bot,available,78.98,,70,1,14,namecheap,,
0fa72d1b-312d-4dc3-b84b-30f68d236cd6,tomboys.bot,available,64.99,64.99,52,2,7,namesilo,,
0fd0d55b-c967-4c11-8aa2-8e35ae593a5d,thereandback.bot,available,78.98,,44,4,14,namecheap,,
0fd54955-46fb-4cb6-9020-3c17ca012487,strikeablow.bot,available,78.98,,70,0,13,namecheap,,
0ff4e25d-10cb-4ebf-9710-c352f0e181ea,SuezCanal.bot,available,78.98,,58,3,10,namecheap,,
0ff5f601-ee30-4885-901d-b872a6cd17c5,herbsandspices.bot,available,78.98,,54,3,16,namecheap,,
100b76d7-70f8-4793-a197-39b9e5238b60,gonuclear.bot,available,78.98,,68,3,10,namecheap,,
100e5f96-7564-4cc1-b790-38983e116c22,coffeebush.bot,available,78.98,,80,1,11,namecheap,,
106cde0e-8c71-41b7-8167-7311b7c66586,lodged.bot,available,78.98,,60,2,6,namecheap,,
1076ef9d-415b-4a4a-a2c8-77c5ad6f0cb6,keepdown.bot,available,78.98,,68,1,9,namecheap,,
107b4d45-6a77-454c-9b5b-521205c7373b,somuchso.bot,available,78.98,,50,1,10,namecheap,,
10a2012b-f173-40b8-ae39-a9e549a96763,techsupport.bot,premium,6250,,76,18,12,name.com,,
10a58fc5-49d6-4eac-8611-2b24e276cd9c,jetaircraft.bot,available,78.98,,62,1,12,namecheap,,
10b916f1-97ea-49d9-8bf0-90606e184346,manytomany.bot,available,78.98,,68,2,12,namecheap,,
10ce9707-3ca3-475d-b6d4-6c845ac122d9,launches.bot,available,64.99,64.99,65,8,8,namesilo,,
10d204f4-baca-4496-971f-f3e651314feb,basedon.bot,available,78.98,,50,4,8,namecheap,,
10d4e672-4e8e-47c3-ac7f-aad804260b75,shadows.bot,available,78.98,,54,16,7,namecheap,,
10f41c06-5129-4dee-9f55-eb54ffdae6b4,ifthecapfits.bot,available,78.98,,55,1,15,namecheap,,
110cf6d7-4200-4a53-84a6-ac8ab18cecc1,makeitcount.bot,available,78.98,,72,8,13,namecheap,,
111131bb-2c7e-4891-a942-72a7c17bb718,cycles.bot,available,64.99,64.99,52,13,6,namesilo,,
112d9ee4-34e1-4ac6-b1d2-ce2da5f2af9b,veggies.bot,available,78.98,,64,7,7,namecheap,,
118c66de-43dd-4fc3-9765-2a36b6f24bc0,inwriting.bot,available,78.98,,72,3,10,namecheap,,
11917e4c-9e55-4aa8-bc23-db9a4f4d7939,pondered.bot,available,78.98,,54,3,8,namecheap,,
11978e59-24db-407a-bf60-bb9854212a9f,cans.bot,available,64.99,64.99,56,10,4,namesilo,,
11d1c5d9-2c01-4435-b1bb-0a8e31a31db8,reflections.bot,available,78.98,,53,16,11,namecheap,,
11e0538e-bd4b-4031-ab6f-ae035132d2d4,cocks.bot,available,64.99,64.99,56,10,5,namesilo,,
11f2a8c6-7a34-4c31-88f9-21319b25f0cc,mortars.bot,available,64.99,64.99,40,2,7,namesilo,,
120dea2a-4ca9-48c5-9287-a718e6090b53,scars.bot,available,64.99,64.99,42,10,5,namesilo,,
120e933d-2ca9-419e-9f77-c77c3af04c5e,sawoff.bot,available,78.98,,60,1,7,namecheap,,
121505c3-70f0-468f-849c-1f56eaf8db45,backbreaking.bot,available,78.98,,54,1,13,namecheap,,
12164849-c09e-4d2d-8685-a42f5b666c91,makesomethingof.bot,available,78.98,,70,0,17,namecheap,,
12191f87-fc65-472d-bc3f-5e2c1761bdc1,highschoolstudent.bot,available,78.98,,55,0,19,namecheap,,
126232f7-3403-4af8-a474-90b8f42fccf7,makeupsex.bot,available,64.99,64.99,56,2,11,namesilo,,
12925315-0321-4235-a9d6-f99dd2c658fb,structurally.bot,available,78.98,,48,3,12,namecheap,,
12a6cb3e-fc77-4119-abd6-28c4bd11bb77,compilation.bot,available,78.98,,68,7,11,namecheap,,
12f80e34-fd5e-4e26-ba3b-9134921d0098,grandnephews.bot,available,64.99,64.99,66,1,12,namesilo,,
1304eb70-24c7-467f-9fb5-cada9fbf3013,gooverboard.bot,available,78.98,,64,1,12,namecheap,,
1310029e-19dc-4fc7-8172-43c767db2644,tablespoonful.bot,available,78.98,,58,1,13,namecheap,,
13140389-a699-49b1-aad8-a61f6aff50e7,makeknown.bot,available,78.98,,78,4,10,namecheap,,
13560f51-c775-49a3-a8af-da8b8015faf9,chapstick.bot,available,78.98,,78,5,9,namecheap,,
1360a114-e826-4bad-a1fc-f9f986813859,systems.bot,premium,625,,46,27,7,name.com,,
13610bc3-64a1-415f-bd48-62794cd693be,fasttank.bot,available,78.98,,50,0,9,namecheap,,
13615371-bbdb-4b6e-b2a2-90ba6b719c1c,counseled.bot,available,78.98,,59,1,9,namecheap,,
13871f10-40b8-47c1-938a-712d76e05d1c,stepinto.bot,available,78.98,,52,5,9,namecheap,,
13a597e8-f687-487c-8978-5aacf781de14,rollover.bot,available,78.98,,75,8,9,namecheap,,
13abdd9f-6483-45de-bae9-1e0fe1697803,roses.bot,available,78.98,,68,16,5,namecheap,,
13ae2bc3-1d9a-4f78-b22b-d447a52b7e14,Ispin.bot,available,78.98,,76,5,6,namecheap,,
13c0bbae-5b0f-45a8-baaa-ac2a64eb2508,smiled.bot,available,78.98,,66,5,6,namecheap,,
142c609d-6fd7-477d-b634-35b672807ab0,blueberries.bot,available,78.98,,70,9,11,namecheap,,
142f1473-b5a4-468f-b796-305c676e4f90,jetairliner.bot,available,78.98,,58,1,12,namecheap,,
14379995-6821-4d7d-bae0-852dbfcb17cf,startover.bot,available,78.98,,78,6,10,namecheap,,
143fc998-95c5-4a53-8c26-9e6047a1fe0e,introspection.bot,available,78.98,,66,8,13,namecheap,,
1461c8e1-974a-4776-9e85-a49ed79f2e9e,uptill.bot,available,78.98,,50,1,7,namecheap,,
1467f7e2-c68a-421c-9a51-aba32be54574,executives.bot,available,64.99,64.99,64,12,10,namesilo,,
14699744-fef1-4737-ba34-91091756986d,instate.bot,available,78.98,,66,4,8,namecheap,,
146e4088-2add-44a7-b0f4-fff58ea7e138,getthehangof.bot,available,78.98,,71,1,15,namecheap,,
146ff6f2-228b-4f20-8915-56e8e77d43a1,inpatient.bot,available,64.99,64.99,68,3,10,namesilo,,
14869e7b-ea61-460d-a61e-32d63ef834c4,getonto.bot,available,78.98,,74,3,9,namecheap,,
14c1cccf-a49d-4ec4-9fd2-24ff53166efe,leton.bot,available,78.98,,76,5,6,namecheap,,
14c4bb37-fc26-45ff-9867-f397f2479b1c,orchestrated.bot,available,78.98,,75,4,12,namecheap,,
14dc7203-2398-401d-a889-4c489f8a97bb,leaveoffice.bot,available,78.98,,58,0,12,namecheap,,
14e634f9-5786-4c66-be0f-ffa5ac29eb20,fellowing.bot,available,64.99,64.99,52,5,9,namesilo,,
14ecb26e-e6b7-4492-8ab1-20ab49f8c704,researchers.bot,available,78.98,,50,8,11,namecheap,,
14fbad60-6abb-4771-a51f-c2f5466e8727,differed.bot,available,64.99,64.99,48,2,8,namesilo,,
152a77c2-f7ba-48b1-98e8-aee442c0e7ed,invogue.bot,available,78.98,,70,6,8,namecheap,,
1549946c-d328-4dee-9920-77d58a4db924,stints.bot,available,78.98,,52,3,6,namecheap,,
15b1a1af-056f-4bb4-bdc3-822eed9c4ccd,filetype.bot,available,78.98,,64,3,9,namecheap,,
160170f5-d0a2-414b-b036-756ae89218bd,inblossom.bot,available,78.98,,56,1,10,namecheap,,
161abf0e-824f-4a8c-b138-79b22946b68f,scratches.bot,available,78.98,,60,4,9,namecheap,,
162a1b2a-7341-4490-937a-8f6570b498ce,dowithout.bot,available,78.98,,68,1,10,namecheap,,
162c34de-ef9e-427d-94e5-7a8a677f1e73,flashfloods.bot,available,64.99,64.99,42,1,12,namesilo,,
16314227-cf46-40c0-8ebc-00e6199fecfc,landedproperty.bot,available,78.98,,42,1,15,namecheap,,
16440b29-fa32-4420-89c6-e5975fc99a33,Lordhavemercy.bot,available,78.98,,54,2,15,namecheap,,
166c0012-bd65-430d-802d-ed423299a295,notices.bot,available,64.99,64.99,48,6,7,namesilo,,
16935655-7ea5-42a1-8ca4-79d55a02da8a,manualworker.bot,available,78.98,,42,0,13,namecheap,,
16a0ec71-0fe2-4c89-8536-48f4bf90c54d,lostandfound.bot,available,78.98,,64,19,14,namecheap,,
16b518b7-c1ea-4b92-93a4-346232321e32,havenots.bot,available,78.98,,60,5,9,namecheap,,
16e93dcb-930d-4865-933e-3efaceab725a,consents.bot,available,78.98,,60,4,8,namecheap,,
1707e19a-d387-49bb-beee-8947c6ec740b,gettheballrolling.bot,available,78.98,,72,1,20,namecheap,,
170b6272-d203-40b0-9fe4-c31bd19662ab,vector.bot,premium,23096.57,,82,38,6,1API GmbH,01/11/2023 14:53,01/11/2026 14:53
170caf4b-19a7-47d5-aa4a-b375049b635d,keyboards.bot,available,78.98,,56,9,9,namecheap,,
1714fd73-cc7f-412c-ad4f-a54bce5238a4,forest.bot,resell,,,68,37,6,"Dynadot, LLC",09/02/2025 12:46,09/02/2027 12:46
1737ee9e-c8ab-43c1-8164-9f415b9a59c4,robots.bot,premium,6250,,62,47,6,name.com,,
174f4e4b-d7d6-4a91-8f99-9837f1e86377,pardonme.bot,available,78.98,,62,4,9,namecheap,,
1764f8c8-ddaa-4ea5-a933-9dbefa768d3c,generalmeeting.bot,available,64.99,64.99,46,2,15,namesilo,,
176f9555-e19c-4e07-bd53-33efa751874d,cometo.bot,available,78.98,,74,8,7,namecheap,,
17765284-97e7-47f4-8de1-a1263170d058,disobedience.bot,available,78.98,,64,3,12,namecheap,,
17838d0e-c66b-4b86-9c12-958197fb4c0e,macandcheese.bot,available,78.98,,72,4,14,namecheap,,
178414ae-29d3-44df-99b5-454e8ff408e0,happens.bot,available,78.98,,52,8,7,namecheap,,
17ac3b8b-01f7-40fa-93b4-bf115b5b8d84,intune.bot,available,78.98,,72,16,7,namecheap,,
17b9c336-8d2d-4470-8980-7361e78db0a5,specializing.bot,available,64.99,64.99,52,2,12,namesilo,,
17c8dd87-6960-479b-9e8a-d5fe552a694d,deeplearning.bot,premium,625,,74,23,13,name.com,,
17ca60dd-bf84-4c22-8bd3-db5a4e3f892f,outofmyway.bot,available,64.99,64.99,34,1,13,namesilo,,
17eb5de8-27d0-4f6c-bfd9-90fad13f4b96,Idodeclare.bot,available,78.98,,58,2,12,namecheap,,
180a7ad4-1d12-42ac-8e15-24eeb66d5205,spellout.bot,available,78.98,,76,2,9,namecheap,,
180f7a60-4ff1-4856-b60c-2fbe32fea0ef,getrid.bot,available,64.99,64.99,56,3,7,namesilo,,
18389c09-b3ff-45c7-87c5-8438326e4eb5,eachway.bot,available,78.98,,68,2,8,namecheap,,
185cafd2-4e36-477e-ac4c-cac31b721817,streamers.bot,available,64.99,64.99,56,12,9,namesilo,,
18788f18-859e-476c-acd6-667d23981838,rides.bot,available,78.98,,56,15,5,namecheap,,
18a0dfe3-116a-40c3-9b1f-8a3939bb9669,Mexicans.bot,available,64.99,64.99,54,5,8,namesilo,,
18e15d27-cf78-45bf-ae70-250f82ff0a1f,sparklingwine.bot,available,78.98,,69,4,14,namecheap,,
18fcef8e-f8aa-4c11-ad75-3fd0b5205bc5,AcademyAward.bot,available,78.98,,76,1,13,namecheap,,
19183475-6650-4bd5-885b-04ce80dcbab0,gowithout.bot,available,78.98,,75,1,10,namecheap,,
193dc671-f0d0-4e3f-8a38-56385bd104be,twentyeight.bot,available,78.98,,65,8,12,namecheap,,
19446c59-6273-41fb-bab5-14d6df63b5af,toes.bot,available,78.98,,58,8,4,namecheap,,
19515eb2-ed0f-40cb-9689-42c79859d4da,publicoffice.bot,available,78.98,,69,2,13,namecheap,,
19763f66-78f2-41a2-9def-10723ccb977d,praises.bot,available,64.99,64.99,56,3,7,namesilo,,
198fd091-27c7-4421-b0e4-38c77c6d0689,intheeventthat.bot,available,78.98,,48,1,17,namecheap,,
199692c9-3d2c-4168-9382-6bddb6c04e8f,packingtape.bot,available,78.98,,70,2,12,namecheap,,
199b2ea3-21f9-4b7d-8905-af25e655592e,manyandvarious.bot,available,78.98,,46,2,16,namecheap,,
19a0e39d-6710-4dc3-a7fd-5346af0bed70,goforbroke.bot,available,78.98,,72,2,12,namecheap,,
19abdcdf-577e-417e-927b-55d650bf5382,Ilostmywallet.bot,available,78.98,,50,1,16,namecheap,,
19be0b9c-06b2-4382-8afc-b77dec6eb6ef,adjectives.bot,available,78.98,,50,3,10,namecheap,,
19c04e4f-ae26-43fd-91ae-4ba35d828b94,successors.bot,available,64.99,64.99,55,3,10,namesilo,,
19d23433-f416-41c3-947d-a62967769384,birches.bot,available,64.99,64.99,57,4,7,namesilo,,
19d6fcf7-815c-4abc-8f19-27042d3b7fe2,differences.bot,available,78.98,,52,4,11,namecheap,,
19e9408d-93e4-407b-b418-a6da031726a0,typewriters.bot,available,64.99,64.99,56,4,11,namesilo,,
19f24900-afb0-4a45-b5f5-e60694ce8718,playaround.bot,available,78.98,,72,5,11,namecheap,,
19f9dee6-7c7b-4e08-aa15-109e0261e8eb,estatetrustee.bot,available,78.98,,42,2,14,namecheap,,
1a206347-9bcb-4260-a501-4699b0457736,creating.bot,available,78.98,,80,12,8,namecheap,,
1a247e7a-de1a-48f0-8d6d-d02c7ef9ebc4,Scarlett.bot,premium,700,700,70,16,8,namecheap,,
1a3b4d14-48ab-467a-99c6-fbe4653a4ef3,getup.bot,available,78.98,,82,14,6,namecheap,,
1a5f013d-1974-4167-9939-b9f869f8c097,PopeGregoryI.bot,available,78.98,,28,1,14,namecheap,,
1a874472-eec7-4bb0-92f3-09e7af3238a2,keepitdown.bot,available,78.98,,46,0,12,namecheap,,
1a892a40-e898-4a26-a5fc-c5d1fa43275a,goitalone.bot,available,78.98,,74,1,11,namecheap,,
1a9e8ffd-b940-43d1-a5f0-3350f6b541ff,undergoes.bot,available,78.98,,55,1,9,namecheap,,
1aadcec7-3dda-400b-8f2b-83ca15e5c44f,elephants.bot,available,78.98,,68,9,9,namecheap,,
1ab48b00-f1c0-4814-8c5a-01a5a3bfde96,upandaround.bot,available,78.98,,60,1,13,namecheap,,
1ac1ac1e-f9fc-4d85-b70b-65cb7de9a5fe,hookups.bot,available,78.98,,74,9,8,namecheap,,
1ac2fff8-2f95-48fd-b0c3-d0ef30104f07,gobackalongway.bot,available,78.98,,66,1,18,namecheap,,
1acc70be-b9f8-447d-9d5b-7cd480e527f9,buses.bot,available,78.98,,58,10,5,namecheap,,
1acf4b9e-c665-497c-a113-bed9056cc32a,windowdisplay.bot,available,78.98,,42,2,14,namecheap,,
1adc24d8-2e48-4764-af18-c69d7dcd77ef,fastacting.bot,available,78.98,,72,1,11,namecheap,,
1ae3c690-efa7-4eed-ad5a-4152137a7dbb,indanger.bot,available,78.98,,60,1,9,namecheap,,
1ae5641d-0aaf-4d08-a06a-c3425b1c5e87,gowiththewind.bot,available,78.98,,74,1,16,namecheap,,
1ae65ece-cad7-454a-abe4-067c4b3fc3bd,sorethroat.bot,available,78.98,,64,2,11,namecheap,,
1af738f0-0e57-4154-8424-127376228f08,cometorest.bot,available,78.98,,70,1,12,namecheap,,
1afd61eb-b59d-4f96-85cf-360d5e0f0a09,costsaving.bot,available,78.98,,68,2,11,namecheap,,
1b15edb8-1c86-4030-9819-7acf4f78f6ee,chickenroll.bot,available,78.98,,76,2,12,namecheap,,
1b244142-b654-45aa-9a35-6d4758daae30,lunchboxes.bot,available,64.99,64.99,60,4,10,namesilo,,
1b36ea36-df28-4d38-b351-b82fb45444f6,ambled.bot,available,64.99,64.99,58,2,6,namesilo,,
1b3aa419-474c-45c3-894d-abdaadc45bba,niggers.bot,available,78.98,,37,13,7,namecheap,,
1b454c39-8b4e-4026-88b8-b55bf52ec529,toburn.bot,available,78.98,,50,1,7,namecheap,,
1b4c0845-e88c-474f-88e9-76a71d3dee81,alcoholics.bot,available,64.99,64.99,38,4,10,namesilo,,
1b5dc263-1ac8-4e76-8813-5a44594898ac,godown.bot,available,78.98,,74,5,7,namecheap,,
1b6a204e-8225-42d4-b1b3-03f135fe698a,gingerbreadcookie.bot,available,64.99,64.99,52,1,18,namesilo,,
1b6ee931-049b-4e7c-b2b9-fd5cc85408c2,justthesame.bot,available,78.98,,46,1,13,namecheap,,
1bad5233-7616-4f30-818b-a02a3816531b,introductory.bot,available,78.98,,74,2,12,namecheap,,
1bba5a19-2138-4d3f-978a-a12d5c9e22ab,LordofHosts.bot,available,78.98,,54,2,13,namecheap,,
1bc3e1b8-5e2a-4d2e-ad13-00f97d4e9f9d,hanginthere.bot,available,78.98,,54,3,13,namecheap,,
1bdaaacf-853a-4afd-9eff-fa6bfe6e97a5,manysidedness.bot,available,78.98,,64,1,14,namecheap,,
1c1b10e8-235b-43a3-acf0-0ead122b6906,generalformulae.bot,available,64.99,64.99,44,0,16,namesilo,,
1c22f5a7-4255-469d-8b8b-c13c5ae7a041,learns.bot,available,64.99,64.99,60,8,6,namesilo,,
1c32f2f8-7449-453c-b75f-6db79178a931,goaroundthehouses.bot,available,78.98,,60,0,20,namecheap,,
1c33bcc2-80f3-41ee-8f1f-6b876fdd256d,dogsit.bot,available,78.98,,96,2,6,namecheap,,
1c7b1af7-8dcc-4215-b3a3-5f37721a66dc,chickenliver.bot,available,78.98,,64,1,13,namecheap,,
1c8063a8-9bae-4526-a8f3-89e56a2af926,affiliates.bot,available,64.99,64.99,60,21,10,namesilo,,
1cad4d4e-7072-4e96-9f91-0fa2c389fdbb,patientcare.bot,available,78.98,,79,8,11,namecheap,,
1cbafeda-9bac-402a-9065-beb9b8c2314a,costcontainment.bot,available,78.98,,42,2,16,namecheap,,
1cbe9fcc-4ee1-4644-978c-e39d8ce52e49,manyeyed.bot,available,78.98,,68,1,9,namecheap,,
1cc38dd2-2587-475b-9f46-2914714004c0,cometoaboil.bot,available,78.98,,62,1,14,namecheap,,
1cc737b2-9eab-4851-aeb4-975266d8e6e3,comeonstrong.bot,available,78.98,,66,2,14,namecheap,,
1cda98b3-473b-4ffe-9154-6a01da8e252e,destinies.bot,available,64.99,64.99,72,4,9,namesilo,,
1d0edbaf-d069-47ca-91e7-f722060bef54,executiveprivilege.bot,available,78.98,,62,1,19,namecheap,,
1d360642-0f24-4d98-987e-11ac8e2a0b2d,screwdrivers.bot,available,64.99,64.99,52,4,12,namesilo,,
1d393e75-3235-4f2f-bfe7-d4147fac58fd,makeupkiss.bot,available,64.99,64.99,67,1,12,namesilo,,
1d3eb52f-9ce9-473a-8101-e19531b89ef4,moneyorders.bot,available,64.99,64.99,56,1,12,namesilo,,
1d595cb3-9583-4b9b-b5c8-022d5bb05a7f,isles.bot,available,64.99,64.99,52,7,5,namesilo,,
1d7cce4f-c5d8-46d5-9b65-243a80b0f304,haveyoueaten.bot,available,78.98,,44,2,14,namecheap,,
1d8cc288-38d6-4ef2-8133-1e0c27cd4e9f,counted.bot,available,78.98,,58,5,7,namecheap,,
1d8d9926-39ab-4670-af77-803148036c45,Igirder.bot,available,78.98,,58,1,8,namecheap,,
1da0265a-88f7-44f9-b068-eb316cd688b9,dresses.bot,available,78.98,,58,10,7,namecheap,,
1db55a85-9f99-4248-86b2-965ddb541be1,gets.bot,available,78.98,,60,15,4,namecheap,,
1dbf3592-c9db-4874-a85d-10ddecebf765,bosses.bot,available,78.98,,54,8,6,namecheap,,
1de0c6c2-e08b-44e4-9258-0e7f9d512929,sanded.bot,available,78.98,,66,1,6,namecheap,,
1de426cf-41a4-4a3d-9ff9-3a060960fd48,keepsomebodyposted.bot,available,78.98,,46,0,20,namecheap,,
1e67d252-48b9-45ba-bb23-da1ada4c1574,makethebestof.bot,available,78.98,,72,1,16,namecheap,,
1e81d329-f266-42df-b0e6-c968f6e9f558,toexcess.bot,available,78.98,,55,0,9,namecheap,,
1e8c9225-e4bf-4ba7-8652-786ee45fe710,singleout.bot,available,78.98,,72,1,10,namecheap,,
1ec52915-260d-494d-9b70-8c472cba8fa6,inthewind.bot,available,78.98,,52,2,11,namecheap,,
1ecf884d-1bf1-426a-9680-2a46b33ddc60,setinstone.bot,available,78.98,,68,4,12,namecheap,,
1f12a96d-4dce-4754-818c-262d6fc49726,primes.bot,available,64.99,64.99,56,13,6,namesilo,,
1f1ea3f9-55eb-462e-adfe-385d2c598ae8,bedframe.bot,available,78.98,,80,3,9,namecheap,,
1f29e1ed-c417-487f-8d43-9f0105184a72,divorcing.bot,available,78.98,,46,6,9,namecheap,,
1f3a8977-8918-4607-89ec-db43f9248d0c,economyclass.bot,available,78.98,,66,3,13,namecheap,,
1f3c490a-81bd-4420-85d2-cb8b84d5fef9,comeknocking.bot,available,78.98,,66,1,13,namecheap,,
1f3d3c35-2d75-48aa-ac40-609ffb65beba,searched.bot,available,78.98,,60,7,8,namecheap,,
1f603b7e-0406-49cf-8b1d-5c9e3ebd058a,motions.bot,available,78.98,,62,12,7,namecheap,,
1f62ddda-f7f2-4fd2-be23-99770c2c85bc,specialness.bot,available,78.98,,70,1,11,namecheap,,
1f888dd3-1602-419e-a766-9c1043e299ec,commonmeter.bot,available,78.98,,68,1,12,namecheap,,
1f88a553-351d-4152-bf84-0a622cf152a5,swimsuits.bot,available,78.98,,62,5,9,namecheap,,
1f8fe041-9fa3-4cc6-80cf-2b40c11b32bc,justices.bot,available,64.99,64.99,52,6,8,namesilo,,
1f97162a-08f7-45f5-aa24-7e03f7dbfdc0,wafers.bot,available,64.99,64.99,54,4,6,namesilo,,
1fbc17e1-a702-47a0-a147-49d664584036,merrygorounds.bot,available,64.99,64.99,54,0,15,namesilo,,
1fe828aa-7f8a-4edd-b98e-31c694a82b28,demotions.bot,available,64.99,64.99,46,1,9,namesilo,,
1fe9aa96-6744-490d-925e-2e410798f51b,moveforward.bot,available,78.98,,76,9,12,namecheap,,
201346d5-05e5-443a-9f4e-b8e8eaee92b3,costcutting.bot,available,78.98,,64,3,12,namecheap,,
201c2da5-fad3-4342-809c-69aa12832047,gonumbertwo.bot,available,78.98,,40,1,13,namecheap,,
20405bda-bec9-4d84-b38d-b7b0c7ce2201,letthematterdrop.bot,available,78.98,,47,1,19,namecheap,,
204f3ba3-19dc-4b43-9842-f395eda734e7,donkeys.bot,available,64.99,64.99,46,5,7,namesilo,,
209dafd0-9397-4497-9a45-fc92f4387fda,landedestate.bot,available,78.98,,42,1,13,namecheap,,
20ae3ff4-0025-41a9-9077-91fd569b42c7,wheels.bot,available,78.98,,76,20,6,namecheap,,
20b47857-c535-40d7-a937-598a47c254a1,gobonkers.bot,available,78.98,,70,1,10,namecheap,,
20e8aee8-ddc4-438b-a2b4-4e685104fbf6,gotobed.bot,available,78.98,,72,3,9,namecheap,,
20ea908d-7fa9-4b32-8267-a09976a2dd0d,costprice.bot,available,78.98,,70,4,10,namecheap,,
20f3e5ff-89cd-4f91-8aff-ae607d90d11e,stared.bot,available,78.98,,56,4,6,namecheap,,
2101cae0-4f82-44ef-8904-43f7a73093ed,smirks.bot,available,64.99,64.99,46,3,6,namesilo,,
21054d5b-ff9e-4311-87b3-d7d8945980c7,comes.bot,available,78.98,,70,8,5,namecheap,,
21344345-96f6-47f1-8a4d-7b92f3637254,congregational.bot,available,78.98,,56,2,14,namecheap,,
2135340b-4ee5-4f5c-bed2-28aae1986338,CountyofHudson.bot,available,78.98,,44,1,16,namecheap,,
21468d81-da3e-420d-b250-50f3def7a11f,stalled.bot,available,78.98,,48,3,7,namecheap,,
215aeee5-363e-4ce2-9c52-be3bc3e14494,coffeemakers.bot,available,64.99,64.99,62,3,12,namesilo,,
21645487-b0a0-4ffd-a1d1-baffd949b55e,tunafish.bot,available,78.98,,74,3,9,namecheap,,
21649821-ddba-46c9-83db-ea035d7d5a37,makenews.bot,available,78.98,,80,1,9,namecheap,,
21a488cd-99a1-40f3-87d0-82eb9086b7dd,playin.bot,available,78.98,,80,10,7,namecheap,,
2231f090-fc5d-49d1-bd73-b8772dad3d07,Scotchtape.bot,available,78.98,,80,2,11,namecheap,,
22610af8-5428-4fbe-b55a-c3ed0c98ff63,madewaves.bot,available,64.99,64.99,54,1,10,namesilo,,
2263ec68-ab0a-495d-88f9-20a27d1e0c3a,havetherunof.bot,available,78.98,,60,1,15,namecheap,,
226f8847-6729-41bd-ad29-5d114cbe4193,nowonder.bot,available,78.98,,78,3,9,namecheap,,
22bba4e5-a54a-45a2-b4ce-fba78d418498,smashinto.bot,available,78.98,,38,0,10,namecheap,,
22bf9b19-12f5-4229-82c8-b42baabec3dc,footballs.bot,available,64.99,64.99,64,5,9,namesilo,,
22ca5ab8-eb21-44a9-b351-2b675ad6eae5,summarizing.bot,available,78.98,,46,2,11,namecheap,,
22d7b256-3aa0-4833-9b02-bc27d6fdbe60,voted.bot,available,78.98,,54,6,5,namecheap,,
22e30a48-ce08-4b5f-961a-303622fa2b26,complaints.bot,available,78.98,,40,9,10,namecheap,,
22e7fcd1-1dda-4100-a91a-84000fe01484,privatestock.bot,available,78.98,,64,5,13,namecheap,,
22f0ecd9-aeba-495c-8adf-a7f4bade83b4,Obamacare.bot,available,78.98,,66,8,10,namecheap,,
22f41ce9-3644-4b58-a643-cb9cd1b26646,midlife.bot,available,78.98,,74,11,8,namecheap,,
23011021-6778-41a7-85d7-814c9b90c12b,tattooing.bot,available,78.98,,68,5,9,namecheap,,
23140a15-5d63-4ec5-9d1b-d13ce33d86b7,precursors.bot,available,64.99,64.99,50,2,10,namesilo,,
23238709-8563-40c4-b936-95073c204dce,keepwatch.bot,available,78.98,,70,5,10,namecheap,,
232f14cb-0315-45a5-b1f6-dabb52093e9c,Ihavenever.bot,available,78.98,,68,1,12,namecheap,,
23343690-e249-465b-930b-9b138be73fc0,makesout.bot,available,64.99,64.99,56,1,9,namesilo,,
23610cea-cabb-43f6-8bb7-a447a5c6cad5,proxycard.bot,available,78.98,,44,2,10,namecheap,,
23661354-524a-4455-9663-9f771de817c7,motorracing.bot,available,78.98,,74,4,12,namecheap,,
238169cf-b2f0-45bf-b1b5-ea7cdfbeb379,demonstrates.bot,available,64.99,64.99,56,2,12,namesilo,,
2394687c-910f-42eb-8625-33436ce8d7c9,getsomeair.bot,available,78.98,,77,1,12,namecheap,,
23b7db41-f4ba-4ae1-9c6c-ec38ef646be1,continues.bot,available,78.98,,48,3,9,namecheap,,
23c4d12b-4091-4e83-8bc3-5479635d47a7,inconclusion.bot,available,78.98,,60,2,13,namecheap,,
23d3251d-a8ac-4080-b7b5-1e51fc644861,actresses.bot,available,64.99,64.99,56,5,9,namesilo,,
23ef8383-74e5-429e-97ec-91099a72e93a,knees.bot,available,78.98,,50,5,5,namecheap,,
23fdd7a0-f857-4e3f-a6bd-1497f3f5e576,makeof.bot,available,78.98,,76,1,7,namecheap,,
2404cf13-606f-4983-b52a-560e503fdc2c,mealsonwheels.bot,available,78.98,,80,5,15,namecheap,,
240df7c7-ce2d-446c-8022-572e7dedc573,olives.bot,available,64.99,64.99,56,11,6,namesilo,,
2426a11d-1133-4742-af38-8d3f10e10d65,shorted.bot,available,78.98,,61,4,7,namecheap,,
2450a609-09fc-451f-94db-85e60df23c8b,slots.bot,premium,625,,49,31,5,name.com,,
247835b8-160c-409e-aeb2-a335f54109a8,righted.bot,available,64.99,64.99,55,2,7,namesilo,,
24824794-9719-46f0-a7db-e30e70679c61,lactosefree.bot,available,78.98,,74,3,12,namecheap,,
2489356e-4b2d-4669-afe4-027db9a71232,mornings.bot,available,64.99,64.99,64,6,8,namesilo,,
24962d02-a153-4f6a-95af-15a53b24004b,datadomain.bot,available,78.98,,52,4,11,namecheap,,
24b1b5e7-d732-4321-853a-4dccda5c111c,stayon.bot,available,78.98,,71,6,7,namecheap,,
24ed2ec2-6185-4523-8d4d-8fefe938e3c8,pairofshoes.bot,available,78.98,,67,1,13,namecheap,,
24fdadbb-05ac-4bd0-b900-b877ca85fbcc,scanners.bot,available,64.99,64.99,53,7,8,namesilo,,
25050fb4-06f8-42c8-97be-7f4bc404b53b,amplifying.bot,available,78.98,,56,3,10,namecheap,,
25155b86-1f9a-4d39-bea5-bb609b3094b7,stitches.bot,available,78.98,,46,10,8,namecheap,,
25269d3a-26f2-4051-937f-9acb88089c2a,OrangeCounty.bot,available,78.98,,66,11,13,namecheap,,
25297a24-8c13-417f-982c-5696918293fc,estimates.bot,available,64.99,64.99,50,7,9,namesilo,,
252d90b1-ac91-4148-9b10-2a855629b8bf,remedied.bot,available,78.98,,58,1,8,namecheap,,
253d0e6b-962b-4569-b3b4-739cac9f2fc9,sideburns.bot,available,78.98,,76,3,9,namecheap,,
2554a8b4-11ad-4e23-ace2-e4beda8c5e64,agents.bot,resell,,,56,50,6,"EnCirca, Inc.",30/10/2023 16:00,30/10/2026 16:00
2568474f-b119-43f1-ae03-7f804e66f384,asprovidedfor.bot,available,78.98,,40,0,15,namecheap,,
25870483-cbb1-49e1-a0b4-e31291b908de,coffeecake.bot,available,78.98,,80,2,11,namecheap,,
25ce22b7-1e3c-4db0-a982-a86266925d47,nailed.bot,available,78.98,,58,6,6,namecheap,,
25e058cc-a77a-4368-9e4e-2dcf787e95fd,thewholeshop.bot,available,78.98,,42,1,14,namecheap,,
25f464b2-4301-40a0-853a-8a266a5d666e,professions.bot,available,64.99,64.99,50,6,11,namesilo,,
260fc103-d38b-4624-bebc-b43a8130e18f,mistakenidentity.bot,available,78.98,,52,2,17,namecheap,,
2610adbe-1e5e-40b4-822f-4a89d1f4b9c1,introductions.bot,available,64.99,64.99,56,4,13,namesilo,,
26208732-c8ed-4f9a-bbda-622692f1909a,organisational.bot,available,78.98,,54,1,14,namecheap,,
2630164c-bf21-4580-839b-696e6ba901a4,gotothewashroom.bot,available,78.98,,56,1,18,namecheap,,
2667ba6b-74a4-4d13-9e11-9d802df86816,rocks.bot,premium,125,,78,18,5,name.com,,
269a239f-6a14-480f-a909-24ddab6149fd,blewit.bot,available,78.98,,44,2,7,namecheap,,
26b0800d-1486-4c81-bf18-0fca1659931a,mistakes.bot,available,78.98,,52,7,8,namecheap,,
26b17caf-cbec-4487-9d14-b46e843e075d,weekends.bot,available,64.99,64.99,64,8,8,namesilo,,
26da3c29-4fc1-422b-a7e2-4e74fadf691b,razorburn.bot,available,78.98,,60,1,10,namecheap,,
26ec8d0b-9470-449e-aaef-3f59a3c3a1ac,gowholehog.bot,available,78.98,,70,1,12,namecheap,,
26fff32b-2065-4043-b4de-44279736671c,inthepipeline.bot,available,78.98,,42,2,15,namecheap,,
27135723-ce77-4969-9805-572e601d6a7c,prettier.bot,available,78.98,,62,5,8,namecheap,,
277c6c3d-3e9e-4062-82f9-1f26bcfea5c9,stepdown.bot,available,78.98,,74,2,9,namecheap,,
27dc24b2-1770-4215-8204-6179eb6cb305,organisations.bot,available,64.99,64.99,52,3,13,namesilo,,
27e4032a-d277-465b-82ea-92a68d241fa2,nails.bot,available,78.98,,62,18,5,namecheap,,
27f26bf8-01cd-4562-b73e-34012406bd86,letoffsteam.bot,available,78.98,,76,1,13,namecheap,,
2806bb5e-167e-4c6e-9488-75a90920bde1,bangles.bot,available,78.98,,56,4,7,namecheap,,
280725bd-a110-4306-8e58-1c195e09c69f,tendered.bot,available,78.98,,53,3,8,namecheap,,
2816a721-7840-4dba-a5f1-efc8764a57c2,paintpot.bot,available,78.98,,72,2,9,namecheap,,
282498f3-60b8-4a4d-a498-5837b6f5bab8,owning.bot,available,64.99,64.99,52,7,6,namesilo,,
28524733-9ec3-4de2-aac9-54220d05311a,organdonation.bot,available,78.98,,72,2,14,namecheap,,
285fa288-f82e-4dc3-bd28-20f8fa7d6f4a,vitalsign.bot,available,78.98,,72,4,10,namecheap,,
28726b92-7d15-49f1-af24-62c893485941,bankers.bot,available,64.99,64.99,52,11,7,namesilo,,
28803480-429b-48be-b832-735f82a5d5ad,businessstudies.bot,available,78.98,,70,2,16,namecheap,,
289dd40d-d7b3-43f2-a140-86fb894e867d,parkin.bot,available,78.98,,59,8,7,namecheap,,
28ba3374-bf15-43d5-8a53-71c02e795b63,overdressed.bot,available,78.98,,64,3,12,namecheap,,
28c3ca5d-0cee-4456-b5d5-b7a0d1b98a80,mountainridge.bot,available,78.98,,52,3,14,namecheap,,
28ee4077-71b7-45b3-a4a9-52a6fbb7a816,goit.bot,available,78.98,,76,7,5,namecheap,,
290e12c5-2461-429d-85c5-e8ab56a9d2b4,noparking.bot,available,78.98,,44,5,10,namecheap,,
290f3a97-0382-43ee-a04b-19836899042c,finalrespects.bot,available,78.98,,42,1,14,namecheap,,
292c4908-8425-4f18-977a-7ec08585e8d4,receives.bot,available,78.98,,52,3,8,namecheap,,
2933ed79-4bf3-4206-8cd1-aa7767f0a1ad,thereyougo.bot,available,78.98,,56,2,12,namecheap,,
2957e474-1dec-421a-885a-2e7da1b51460,smashdown.bot,available,78.98,,58,2,10,namecheap,,
297c9906-cb5d-46a2-8453-15ce6b7af8a5,tenths.bot,available,64.99,64.99,50,4,6,namesilo,,
29a8c4c8-6471-4652-8b05-226b753f17ca,refusing.bot,available,78.98,,40,3,8,namecheap,,
29bf9d74-d3bd-4506-bb0e-95793f727b6a,findingout.bot,available,78.98,,58,2,11,namecheap,,
29c32630-7590-4613-86a5-c27b8a510ed9,panels.bot,available,64.99,64.99,48,11,6,namesilo,,
29cf0046-a8c6-4fed-875b-39f603169d8e,macaroniandcheese.bot,available,78.98,,72,2,19,namecheap,,
29ec0ce4-9ac8-420c-bcbc-5969e826d4ed,limits.bot,available,78.98,,55,11,6,namecheap,,
2a0185f6-f8eb-4ee6-a8b1-9e176d206a48,CoventGarden.bot,available,78.98,,72,6,13,namecheap,,
2a0d3385-e05a-4ffa-8e3d-8539489938d3,machines.bot,premium,625,,56,22,8,name.com,,
2a577fe2-7d49-4c16-9cda-eed73ef2c2c6,necessities.bot,available,78.98,,58,4,11,namecheap,,
2ab41ba9-5891-4316-8d51-a0121d5c298f,technicals.bot,available,78.98,,52,6,10,namecheap,,
2ac9f5fa-3bd4-45c1-a919-917ae9100106,Godresthissoul.bot,available,78.98,,44,1,17,namecheap,,
2b0a68be-5e18-4e15-8d8d-9a4f92b8e9c3,granddaughters.bot,available,64.99,64.99,60,1,14,namesilo,,
2b1f061a-598b-4552-9d9e-31fc601dee8c,probablecause.bot,available,78.98,,55,2,14,namecheap,,
2b1fafd7-2e01-482b-a3ac-822b0eb00005,getonwith.bot,available,78.98,,79,1,11,namecheap,,
2b3d0255-dfc5-474e-8dac-204123554086,Wikipedias.bot,available,78.98,,53,2,10,namecheap,,
2b728ed1-8a0d-40a0-b390-815f46e85ee7,sees.bot,available,78.98,,52,10,4,namecheap,,
2b78d8ef-a0ea-47ea-8ffb-140bd343887e,designers.bot,available,64.99,64.99,72,15,9,namesilo,,
2ba0acd1-0926-40f8-9d92-14128d0510ee,postcards.bot,available,64.99,64.99,50,11,9,namesilo,,
2ba32797-0e57-4f4f-aeb4-8eb851887f38,ambivalence.bot,available,78.98,,76,4,11,namecheap,,
2bc017d6-6564-4332-9312-de50ad12d0f5,AmazonRiverdolphin.bot,available,78.98,,72,1,20,namecheap,,
2c0973a5-5932-479f-aad2-710c1d48136b,makeovers.bot,available,64.99,64.99,62,3,9,namesilo,,
2c11ced4-fd91-4910-b80d-d1139c34dcf4,wipes.bot,available,64.99,64.99,56,8,5,namesilo,,
2c19728f-99f9-4acb-a61e-137c3c86dd78,Trex.bot,premium,140,140,80,24,5,namecheap,,
2c443e3a-1fc0-43e7-a2a3-19a34027b806,shortest.bot,available,78.98,,54,6,8,namecheap,,
2c4666ec-34dc-4148-8c01-2f73fa80782a,volunteers.bot,available,78.98,,62,12,10,namecheap,,
2c522cba-53f9-49a6-a3c1-f1bb7a5d590e,comethrough.bot,available,78.98,,78,1,12,namecheap,,
2c6b8a00-bd5f-470c-b0d2-a172ca0b574b,letoneselfgo.bot,available,78.98,,72,0,14,namecheap,,
2c7a0996-418e-4872-a03c-1af797bb0b1a,unit.bot,resell,,,76,38,4,"Dynadot, LLC",09/02/2025 11:24,09/02/2027 11:24
2c97ec88-06cb-4fb6-95f0-dc2adb276a79,Serbs.bot,available,64.99,64.99,51,2,5,namesilo,,
2cb96992-eeb0-46d8-8bc8-ff1316fa9c9e,Cheddarcheese.bot,available,78.98,,66,2,14,namecheap,,
2cce9acb-a9bd-4be3-9b1b-9446ad2d2f7b,rumorhasit.bot,available,78.98,,47,2,12,namecheap,,
2cceb433-a039-4964-be1a-f484a5e3976e,turnsup.bot,available,64.99,64.99,56,1,8,namesilo,,
2cdd391d-0a17-40e8-983f-c20b66dee852,Keith.bot,premium,700,700,66,25,5,namecheap,,
2cffd01f-7254-4c5f-a89b-e7e90067cc14,sedans.bot,available,64.99,64.99,51,3,6,namesilo,,
2d01fa0d-389c-4fdb-b9b2-4fdb6afc29f6,promotes.bot,available,78.98,,56,2,8,namecheap,,
2d2e0ece-56fa-49bc-9ae0-418fa5cafe92,announces.bot,available,64.99,64.99,58,2,9,namesilo,,
2d42c2f7-e368-4d35-a2bb-5e2fa1f2bc14,neared.bot,available,78.98,,52,1,6,namecheap,,
2d6f10ff-b275-48f6-a218-22a0be0f78d0,pairingoff.bot,available,78.98,,50,0,11,namecheap,,
2d8fbe57-2fcf-4ba4-8a5a-728fb2da9bf4,inthedock.bot,available,78.98,,50,1,11,namecheap,,
2dbb06c6-c86c-472d-9674-e78540588e4d,retrieved.bot,available,78.98,,57,3,9,namecheap,,
2dd043e1-3a21-4097-8f98-0cbe5d463fbc,notebooks.bot,available,64.99,64.99,56,9,9,namesilo,,
2e10ab80-ab3f-476e-92e2-b41007dc38e7,publicservice.bot,available,78.98,,65,8,14,namecheap,,
2e1b4153-4c15-44bd-b407-801e75275f7a,companies.bot,premium,125,,62,16,9,name.com,,
2e2034f1-95fd-4225-951c-af8e087836f0,commonrun.bot,available,78.98,,68,1,10,namecheap,,
2e2cb3f2-57ec-4b4f-afbb-413663ba35ee,CatholicChurch.bot,available,78.98,,70,5,15,namecheap,,
2e4f8f9c-7c90-4cb6-ab58-d4be0a8c511c,updates.bot,premium,116,116,54,15,7,namesilo,,
2e5250e6-2841-4302-abde-745d9611bc02,standardscore.bot,available,64.99,64.99,42,1,14,namesilo,,
2e7ec72e-124e-4b30-ab86-98c902b6d7a5,officedesk.bot,available,78.98,,55,5,11,namecheap,,
2eccd6d3-9f40-4f53-aae2-b7d45f09ddae,pianos.bot,available,64.99,64.99,58,11,6,namesilo,,
2edad6ba-833c-4bb8-b659-8bb26220cb15,keepitmoving.bot,available,78.98,,68,5,14,namecheap,,
2edbced1-da63-4aad-bbb0-552d8d13625b,samples.bot,resell,,,60,12,7,"NameCheap, Inc",27/11/2023 11:58,27/11/2026 11:58
2f3d13fa-4f9a-4f99-bb28-1b533f6dbfed,commonknowledge.bot,available,78.98,,72,5,16,namecheap,,
2f585541-7954-4130-950c-c076210b7408,showered.bot,available,78.98,,63,3,8,namecheap,,
2f5b5e79-81a4-4feb-b493-a985141ee87d,ibanking.bot,available,64.99,64.99,76,7,9,namesilo,,
2f5f3f73-bd81-4350-9e8e-a5dea57ac04d,getmarried.bot,available,78.98,,88,5,11,namecheap,,
2f6bce7b-1f56-4cd3-b4d3-4927c0bd5262,havereason.bot,available,78.98,,76,1,11,namecheap,,
2f75ccc9-33ac-4c9e-94c4-a00c20cd8e91,generalsofthearmy.bot,available,64.99,64.99,48,1,20,namesilo,,
2f780514-9651-431e-bc62-4ec0ba135187,chunks.bot,available,78.98,,46,8,6,namecheap,,
2f7e0d01-fd2b-46c8-9412-6fc2ef0e0af4,newsletters.bot,resell,,,63,15,11,"NameCheap, Inc",22/11/2023 14:27,22/11/2026 14:27
2f7f7afd-2449-4159-bb3b-dee751d46aac,exchanging.bot,available,64.99,64.99,50,5,10,namesilo,,
2f8e8313-c8f6-41ba-851a-2587b47e8b30,getoutof.bot,available,78.98,,79,2,10,namecheap,,
2fa3a051-f93b-4593-8205-fcf044fd5b8b,makeuse.bot,available,78.98,,78,1,8,namecheap,,
2fd6fc71-0dad-4a07-a123-8b5530ad1bb4,seniorcollege.bot,available,78.98,,67,1,14,namecheap,,
2fea5f19-594e-40b6-a9c3-453e87f24178,shareholders.bot,available,78.98,,50,5,12,namecheap,,
300cb9cc-0cb9-43cf-ab2f-214b9cdf086a,decides.bot,available,64.99,64.99,56,3,7,namesilo,,
30142446-f601-40f9-87cf-c1eb9fdd4142,overwith.bot,available,78.98,,60,1,9,namecheap,,
301a9de9-3d9b-433a-a2bd-320815cb4a9a,overstatement.bot,available,78.98,,54,2,13,namecheap,,
302c1c98-19e1-4451-bdbd-1b1a7674bd29,seems.bot,available,78.98,,58,8,5,namecheap,,
30385cff-e3da-4f31-a349-b2df8b5c583a,rugbyfootball.bot,available,78.98,,68,2,14,namecheap,,
303c0821-822a-4d2e-886e-dbf45c0cb273,flipping.bot,available,78.98,,70,12,8,namecheap,,
307acbba-3f02-4568-af2b-5a899af395dc,businesses.bot,premium,125,,60,12,10,name.com,,
30807e47-bc5f-4983-986c-4093e97bc586,snapped.bot,available,78.98,,52,6,7,namecheap,,
30be048e-c088-41eb-8a5d-d1235e9c974b,origins.bot,available,78.98,,46,22,7,namecheap,,
30cb768d-f9b4-405f-9201-bc1533138376,herds.bot,available,64.99,64.99,50,7,5,namesilo,,
30ceab70-524b-440f-970f-c9eb5abefa86,intandem.bot,available,78.98,,72,7,9,namecheap,,
30d2f208-8c83-47ca-8fa0-947e2536edca,does.bot,available,78.98,,60,15,4,namecheap,,
30fdc162-7ae3-4c40-add5-ce747c388ffd,strangers.bot,available,78.98,,46,9,9,namecheap,,
31032b00-885b-49dc-84b4-561cc88ed7c3,plays.bot,available,78.98,,56,16,5,namecheap,,
3107c974-4202-4b53-ba6b-f05e038b07b0,goAWOL.bot,available,78.98,,46,2,7,namecheap,,
317a881f-1be3-49b1-a768-fcc27ac8e9f7,gowithGod.bot,available,78.98,,68,2,11,namecheap,,
3188e725-9f9a-4942-bf80-221b44b6cbe5,droppingoff.bot,available,64.99,64.99,52,1,12,namesilo,,
319f6c0f-8365-486e-a07d-2c9e797ea964,vans.bot,available,64.99,64.99,55,17,4,namesilo,,
31b20604-a045-4ed9-afeb-652ddf7478e1,thanksaton.bot,available,78.98,,62,1,12,namecheap,,
31b6f663-1222-4480-8ff5-3fe69fd402ac,gobythewayside.bot,available,78.98,,62,1,17,namecheap,,
31c2e84b-67d4-47b1-9dfd-2373dda1eaed,proportions.bot,available,78.98,,76,3,11,namecheap,,
32116e69-0433-4069-bab1-5cb8a75647c8,diehards.bot,available,64.99,64.99,48,3,8,namesilo,,
3218472e-d902-4fbe-8039-79a1228434e3,licensinglaw.bot,available,64.99,64.99,42,2,13,namesilo,,
3232fa74-a515-4975-a64c-0856df815f6e,Tests.bot,resell,,,49,21,5,Porkbun LLC,29/01/2026 12:32,29/01/2027 12:32
32330af0-06a5-4d01-923c-550efbb2b93a,coffeeculture.bot,available,78.98,,72,4,14,namecheap,,
32354062-b7b2-42e6-8a99-b2f3ae29519f,noticable.bot,available,64.99,64.99,52,1,9,namesilo,,
32435dfb-a220-412a-989a-94ed95dece9b,rakeout.bot,available,78.98,,66,1,8,namecheap,,
3266755b-2d65-4439-bee0-4f0f0a668e5d,soothes.bot,available,64.99,64.99,61,2,7,namesilo,,
327c874f-0661-4d78-bb58-ce30d1f55c35,secondarycare.bot,available,78.98,,69,1,14,namecheap,,
328517ae-a4f4-4c25-8765-a74cf1bdcf02,comedies.bot,available,64.99,64.99,56,3,8,namesilo,,
32862262-be74-4fb1-a9bd-f4b984dbadbe,platearmour.bot,available,78.98,,65,1,12,namecheap,,
32953e70-2abc-4ee0-a375-85cb92eba8a6,sighed.bot,available,78.98,,56,2,6,namecheap,,
32976c1c-7f0e-4bcd-8f55-5e5d623c4a1b,explanations.bot,available,78.98,,50,2,12,namecheap,,
32b98611-b42c-4fef-9e9f-6879f7ee018d,keepout.bot,available,78.98,,70,3,8,namecheap,,
32c73d39-1ce2-4715-805b-e054db6c90fa,champs.bot,available,78.98,,56,16,6,namecheap,,
32e556b9-bb7c-4dfd-9e2a-a85e372401c7,fees.bot,resell,,,63,11,4,Porkbun LLC,28/01/2026 11:06,28/01/2027 11:06
3343d7b9-199d-4891-8465-62d243ae5e83,pluses.bot,available,64.99,64.99,56,4,6,namesilo,,
3353a256-4d85-415c-b1fa-59ba7f7b630f,ties.bot,available,78.98,,59,9,4,namecheap,,
337d7387-fadf-447c-ab1b-582d70cf71ab,farms.bot,premium,116,116,54,16,5,namesilo,,
33854b84-b8ae-481c-a2af-9fc40538ecc7,makesaneffort.bot,available,64.99,64.99,52,1,15,namesilo,,
338d4078-39b2-4602-b061-f170a76b6220,musts.bot,available,64.99,64.99,57,2,5,namesilo,,
33943564-d768-4f3a-b7a7-bf5deeacb293,packup.bot,available,78.98,,76,5,7,namecheap,,
3396b60d-af4d-4d21-b57c-0ce6cd0756bc,thethingis.bot,available,78.98,,48,2,12,namecheap,,
33bd367e-5b81-47c5-ac82-fb4cc7241133,suspecting.bot,available,78.98,,48,1,10,namecheap,,
33da9445-9443-466e-a945-e28b46f6915f,Williamson.bot,available,78.98,,60,13,10,namecheap,,
33f77995-f16c-43aa-9225-e4cb8e933362,gonumberone.bot,available,64.99,64.99,40,1,13,namesilo,,
33f9d7af-4ff4-42a5-9b13-ae89baf5aa92,solarpower.bot,available,78.98,,84,15,11,namecheap,,
3407ca6e-d774-4d2d-b050-088f5a82d145,roastbeef.bot,available,78.98,,80,4,10,namecheap,,
341ec69d-9a34-490c-a0ac-0082bda5a325,Ineedaguide.bot,available,78.98,,50,1,14,namecheap,,
342b7a6a-d00d-4d6a-ad12-c44d35868e0c,electricalfield.bot,available,78.98,,62,1,16,namecheap,,
344cd621-ac10-4948-9df6-27e5919544ab,uponthewhole.bot,available,78.98,,46,1,14,namecheap,,
344f15b6-fb97-4e4f-96f2-d59a60afd92a,flightattendants.bot,available,64.99,64.99,40,2,17,namesilo,,
34612daf-aadf-47fd-974c-583c7f27f5e0,carols.bot,available,78.98,,56,7,6,namecheap,,
34a02313-8bd6-4b7e-8f0c-27f41c41d33d,putitthere.bot,available,78.98,,54,1,12,namecheap,,
34a2e0ae-0a22-4b33-9926-356757f3e284,oppositions.bot,available,64.99,64.99,48,2,11,namesilo,,
34bd5f2a-ba52-4108-8a21-be26d5cc5cf8,teamsport.bot,available,78.98,,73,7,10,namecheap,,
34c8e211-988e-4613-b3fa-8b570c5869c2,showedup.bot,available,64.99,64.99,59,1,9,namesilo,,
35093b99-d6c9-43ca-a605-fd2ac83dba22,getthroughto.bot,available,78.98,,49,1,14,namecheap,,
353cc5c4-9b03-4f00-8132-5fe98150e825,stormed.bot,available,78.98,,50,3,7,namecheap,,
35569169-ce77-4256-b20e-3a12e8ce3d49,GrandExchange.bot,available,78.98,,56,5,14,namecheap,,
355f2cf0-eb42-447b-9dc9-43539bc70601,getthenod.bot,available,78.98,,77,2,11,namecheap,,
35cbf447-bb84-4ef0-b3fd-dca139d98154,vowels.bot,available,64.99,64.99,52,5,6,namesilo,,
35d262d2-2332-410c-a52f-85c588850a92,orderin.bot,available,78.98,,77,5,8,namecheap,,
36337e1c-d58a-4851-9502-eb7ec3fd040d,CountyofHawaii.bot,available,78.98,,50,1,16,namecheap,,
3641a411-0bd2-4dac-b54f-bba9aad85f00,onspecial.bot,available,78.98,,52,2,10,namecheap,,
3641aced-f576-4d5f-948d-d2091b7bbe26,officeroutine.bot,available,78.98,,43,0,14,namecheap,,
367bf9e5-de1f-4a00-9fc1-28e4da675e4c,advantages.bot,available,78.98,,64,5,10,namecheap,,
3684fe72-4772-4a32-b396-708a41dc204a,equals.bot,available,64.99,64.99,62,10,6,namesilo,,
3690a8bc-8ccd-4bb8-8550-72bb080a2c8a,proxybattle.bot,available,78.98,,44,1,12,namecheap,,
36aed344-f6a1-4f62-84a4-8f25aa93a508,collars.bot,available,64.99,64.99,58,6,7,namesilo,,
36b9e582-e108-4ee5-92a2-adc76e98c312,amatter.bot,available,78.98,,60,2,8,namecheap,,
36db9a74-aeac-48c8-bf66-352b7e2043ac,continentalplate.bot,available,78.98,,42,1,17,namecheap,,
36deea62-3f73-485b-aa3a-f2c91497df69,stepout.bot,available,78.98,,73,9,8,namecheap,,
36e4fb3c-69e4-497a-a9e1-76b974515e0e,barbecuesauce.bot,available,78.98,,76,2,14,namecheap,,
373eedc3-18c3-4240-922a-88b28297b6b8,givingin.bot,available,78.98,,50,1,9,namecheap,,
37474646-4b05-439d-9734-5bce235e6cd8,DistrictofColumbia.bot,available,78.98,,52,4,20,namecheap,,
374c4749-1d9f-4ead-8aff-93d6eeba0c38,deadlifts.bot,available,64.99,64.99,62,1,9,namesilo,,
3763530a-dd08-44d2-848f-1ab335eeba1f,distresscall.bot,available,78.98,,32,1,13,namecheap,,
3776c249-dd15-4689-b212-a9aaccda74e9,estimated.bot,available,78.98,,50,5,9,namecheap,,
37a114a6-1a64-410a-95eb-6d1cd1722db5,zoomed.bot,available,78.98,,60,5,6,namecheap,,
37c80778-8fe9-40f1-8692-0a7aeb820479,deepfried.bot,available,78.98,,74,6,10,namecheap,,
38146bcb-477b-41df-b2cb-1731d2c5a992,cometogrips.bot,available,78.98,,62,1,13,namecheap,,
384e61b3-c5d9-4000-ae3f-de1e2255e92e,variations.bot,available,78.98,,46,5,10,namecheap,,
385d6f0f-d111-4531-bf05-0498224190a0,commontime.bot,available,78.98,,68,4,11,namecheap,,
3866b329-1a52-4861-8615-59124e7642a2,toweather.bot,available,78.98,,48,1,10,namecheap,,
386d4d54-c77f-43d6-969f-def2f211627d,Iswear.bot,available,78.98,,58,2,7,namecheap,,
3870b679-6300-43aa-8a02-8b8a024b34a2,highspirits.bot,available,78.98,,76,8,12,namecheap,,
3896ab12-b5dc-41b6-9766-a025b4afb159,utilizing.bot,available,64.99,64.99,54,2,9,namesilo,,
38b76ce9-873b-45ac-a30a-e4159b4dcfd6,howthedevil.bot,available,78.98,,40,0,13,namecheap,,
38c19a13-095f-4b9d-a985-35e5a803c99b,standingout.bot,available,78.98,,62,2,12,namecheap,,
38d23105-d1d4-47ad-8100-082874749b71,propagates.bot,available,64.99,64.99,49,1,10,namesilo,,
392325b5-1afe-4958-814e-bdf9de15ab7d,grandchildren.bot,available,78.98,,60,3,13,namecheap,,
3929213b-b404-4771-8cb2-e593da8fa816,scoopout.bot,available,78.98,,48,1,9,namecheap,,
393bbdb7-8b1d-4724-ac02-8c75a5142967,gostraight.bot,available,78.98,,70,2,11,namecheap,,
394a2fe8-a641-482d-a288-509259993111,believein.bot,available,78.98,,68,6,10,namecheap,,
3961e742-1d9b-493b-bcef-fd0b822ecf67,overcasted.bot,available,64.99,64.99,48,1,10,namesilo,,
39ba6a0b-5178-40ed-bdee-59e92ee7a4da,secondyear.bot,available,64.99,64.99,66,1,11,namesilo,,
39d23592-586d-48bc-a96f-375a460dee4b,Cheetos.bot,available,64.99,64.99,76,7,7,namesilo,,
39d83ba6-08ab-45d3-bd24-2c18b8bc2889,turndown.bot,available,78.98,,74,4,9,namecheap,,
39e9a378-a98a-464e-a986-d308124b4acc,successively.bot,available,78.98,,56,0,12,namecheap,,
39ec84db-3e04-4c81-97f4-df1c3d6978b3,letus.bot,available,78.98,,79,13,6,namecheap,,
3a1cd812-43cf-46fc-b2c8-a9d1bbff3547,instride.bot,available,78.98,,72,5,9,namecheap,,
3a1ddc2a-cbb7-4fce-83ff-349add88aff2,focuses.bot,available,64.99,64.99,56,4,7,namesilo,,
3a275592-47fe-42c4-99de-4ae701291216,gonegative.bot,available,78.98,,66,1,11,namecheap,,
3a8a6d6e-a962-4cab-94b5-0f1ce488ef8f,terracotta.bot,available,78.98,,72,12,11,namecheap,,
3a8ea17f-3109-418e-be4c-0224bc5b83de,dogsick.bot,available,78.98,,90,1,7,namecheap,,
3a9a3d22-3ba8-4a40-abed-a3c941854bb1,thesame.bot,available,78.98,,54,5,8,namecheap,,
3a9ab8ba-d73a-4897-ba15-932b7826e9ca,coffeepotful.bot,available,78.98,,72,1,13,namecheap,,
3aa145f3-a4c4-4a75-b213-7e5e9f5935bd,breastfeedings.bot,available,64.99,64.99,48,1,14,namesilo,,
3aadea0a-a917-4eed-b2d0-815e34550ab6,satisfies.bot,available,78.98,,67,2,9,namecheap,,
3ad90424-115f-44ce-8cf0-6a44d251454d,joggingsuit.bot,available,78.98,,61,1,12,namecheap,,
3b0860c8-61d2-4a87-9426-deaa23886959,eachtime.bot,available,64.99,64.99,56,2,9,namesilo,,
3b155e0f-a91b-400e-8458-c3ef790d4b1a,intheway.bot,available,78.98,,70,3,10,namecheap,,
3b412e5b-28d7-44e3-a531-ec6c59d45d0c,gowild.bot,available,78.98,,74,10,7,namecheap,,
3b42d9eb-dd8e-4d93-9630-8a01c717787e,sobeit.bot,available,78.98,,52,5,8,namecheap,,
3b4bdf85-c430-41e4-bbda-024d4edd404b,buck.bot,resell,,,62,29,4,"Dynadot, LLC",17/01/2026 15:41,17/01/2027 15:41
3b4ebe1b-bfe5-43f5-ab8f-a2abf5512336,sisters.bot,available,78.98,,63,15,7,namecheap,,
3b4eeb31-d760-4905-b4fe-6193c04d1250,tubes.bot,available,64.99,64.99,48,12,5,namesilo,,
3b8a9e99-e45d-459a-ac6e-f10230f56aea,stadia.bot,available,78.98,,66,22,6,namecheap,,
3b8d60c2-1804-4975-ad61-7ed9bdd4a685,paintthinner.bot,available,78.98,,56,1,13,namecheap,,
3bd0d45e-71ee-408f-b393-48462f6d3a8c,comeintobeing.bot,available,78.98,,68,1,15,namecheap,,
3be6a4c0-54b0-4f9b-8422-d77cb3a2785d,recaptured.bot,available,78.98,,48,2,10,namecheap,,
3c36056b-97b0-4f3f-a044-53035c506325,rashes.bot,available,64.99,64.99,40,3,6,namesilo,,
3cb7aafe-78b2-4c18-83d7-6b37ccab5cb8,Ilostmykeys.bot,available,78.98,,50,1,14,namecheap,,
3cc1c6e9-8a7f-4092-a13b-b509da37a58b,pls.bot,premium,125,,60,23,3,name.com,,
3ccb2ab4-419f-4b6a-a779-73026d2cb04b,reunions.bot,available,64.99,64.99,58,5,8,namesilo,,
3cce6443-3d16-495b-9b53-89c6c6599ad7,haveyoumetme.bot,available,78.98,,44,1,15,namecheap,,
3cd71628-3f0e-4d7e-983b-69b630208aea,highpolitics.bot,available,78.98,,62,0,13,namecheap,,
3ceb3d93-a26b-4a84-9994-e4967d643608,communitycolleges.bot,available,64.99,64.99,54,2,18,namesilo,,
3ceccec6-a725-4775-adfd-2792146e2023,faintest.bot,available,64.99,64.99,56,1,8,namesilo,,
3cfa5dd3-dd9a-4efe-acad-b3ed8f6be2e4,CapeCod.bot,available,78.98,,78,22,8,namecheap,,
3d10acb1-dd9d-4de8-ad63-50aa504f2934,recruited.bot,available,78.98,,58,5,9,namecheap,,
3d337d84-15d4-495a-b04c-d9536023cf6c,sqmi.bot,available,78.98,,54,2,5,namecheap,,
3d4ce244-4be0-444b-9cf3-604d8be768d5,jaguars.bot,premium,116,116,62,9,7,namesilo,,
3d56014f-a2a5-4d53-aed1-aa6337c0007e,affirmation.bot,available,78.98,,82,10,11,namecheap,,
3d5ba00c-bde5-4517-b2b8-16e1509f5f34,getphysical.bot,available,78.98,,80,1,12,namecheap,,
3d671f8d-9e2e-4c8a-b11c-4bf3d68894df,says.bot,available,78.98,,58,10,4,namecheap,,
3d6a167e-e052-4511-a648-854448109840,intuitions.bot,available,78.98,,56,4,10,namecheap,,
3d85610e-6dea-4c15-b8e9-83975c9c0332,chiefsofstate.bot,available,64.99,64.99,42,1,15,namesilo,,
3d963fa8-ed8e-463d-88f9-381c50afd47f,privateparts.bot,available,78.98,,61,3,13,namecheap,,
3dadeff3-e3c7-4759-abb7-a125551d436e,bloodpressuregage.bot,available,78.98,,48,1,19,namecheap,,
3dc57502-f89e-472a-85b4-d830b76f65df,decideupon.bot,available,78.98,,76,0,11,namecheap,,
3dc921f5-773f-46e4-8d0b-19c46958ee4e,commonheather.bot,available,64.99,64.99,64,1,14,namesilo,,
3dd31ff3-9372-40fa-9d9f-821392e434b9,waitup.bot,available,78.98,,63,2,7,namecheap,,
3e00f7d8-c1c0-45e4-87f9-a4dd3b1f1d60,oceans.bot,available,78.98,,64,22,6,namecheap,,
3e1bab99-1bfb-4e02-a1ca-9440570436fa,shalt.bot,available,78.98,,56,1,5,namecheap,,
3e27f034-8cca-4b94-8fc5-f8574ec2651a,Frenchfried.bot,available,78.98,,70,2,12,namecheap,,
3e2a1553-cdc1-48eb-8e7b-791df79efc24,laptops.bot,available,64.99,64.99,56,8,7,namesilo,,
3e2d8e81-9ae0-4cd5-a866-f0033cf07ad9,lives.bot,available,78.98,,64,15,5,namecheap,,
3e39c971-2741-42dc-b2a5-ec1d539fb8d0,bands.bot,available,78.98,,52,13,5,namecheap,,
3e6286db-7034-4049-b288-9d8a644f64ea,fundamentalism.bot,available,78.98,,58,2,14,namecheap,,
3e9d47d7-a5cd-4852-a55e-b0e0d6fcc707,affirmatives.bot,available,64.99,64.99,64,1,12,namesilo,,
3ea665c6-062c-430e-b0ca-f54e6be5cf04,receptions.bot,available,64.99,64.99,53,4,10,namesilo,,
3ea9ebe4-b084-4564-9124-c38e069962c8,fillup.bot,available,78.98,,72,7,7,namecheap,,
3ebee967-0653-4e08-be4c-72c4819a59ce,cars.bot,premium,1250,,66,47,4,name.com,,
3ed5bc4a-55ab-4a14-9a40-444525ce13b5,pumping.bot,available,78.98,,76,8,7,namecheap,,
3f0598ce-20fe-4c83-9b90-1965633c8a6e,pairoftongs.bot,available,78.98,,65,0,13,namecheap,,
3f1ed4b6-00db-44c7-a877-1009717af2fd,letoff.bot,available,78.98,,77,1,7,namecheap,,
3f365b01-cead-4f78-b719-feb2668338a0,Lordonlyknows.bot,available,78.98,,58,1,15,namecheap,,
3f3a9093-1751-4de5-ae33-191bb02917c3,CountyofJefferson.bot,available,64.99,64.99,44,0,19,namesilo,,
3f62d012-89ec-4d3a-95bb-96b97d9fb710,niches.bot,available,64.99,64.99,53,6,6,namesilo,,
3f6f686a-9f6b-45ec-9b1b-9f897e02dc5b,sentiments.bot,available,78.98,,56,6,10,namecheap,,
3f978773-f397-46c7-a6e8-568b1ac7102f,executivedirector.bot,available,78.98,,56,2,18,namecheap,,
3fa7d88d-1b3a-40fd-a110-da37a69bffa1,starkest.bot,available,64.99,64.99,40,2,8,namesilo,,
3fbf7ae8-723a-4500-94ae-e17e38d6fdb3,favours.bot,available,78.98,,66,4,7,namecheap,,
3fce4a58-f0b2-4c23-8081-756b27a05a69,speakers.bot,available,78.98,,66,12,8,namecheap,,
3fd71870-a8ae-4905-8250-e7703836eb3e,rubberbands.bot,available,64.99,64.99,50,3,12,namesilo,,
3fdf559a-6c5c-4734-806a-04abd4976d7c,dropabombshell.bot,available,78.98,,58,0,16,namecheap,,
4009b69d-0d1d-42bc-b0ff-fed845ed56de,fasttimes.bot,available,78.98,,80,3,10,namecheap,,
40349cb4-1fbd-4298-896f-ebc80c85539d,getoutside.bot,available,78.98,,79,6,11,namecheap,,
404c4fc5-567d-48b4-a874-c613aa7c84b0,rehabs.bot,available,64.99,64.99,51,8,6,namesilo,,
40902e0a-0a8e-4e88-81fa-987088fea168,godark.bot,available,78.98,,68,5,7,namecheap,,
40aad438-010b-4b50-af3e-059af934a05b,makethegrade.bot,available,78.98,,70,3,14,namecheap,,
40f930a2-664c-4a8a-92f2-a9abe5673566,wrinkles.bot,available,78.98,,55,4,8,namecheap,,
40fe8139-9569-419c-8cdc-d574b8d62b5e,shouts.bot,available,78.98,,47,5,6,namecheap,,
4124ab9b-ac20-49fa-9daf-e8fae730f9c7,joints.bot,available,64.99,64.99,48,8,6,namesilo,,
4139f4f1-535a-43e8-a2b4-16d161c9fee9,Jews.bot,available,78.98,,50,12,4,namecheap,,
416127f6-0a71-4205-9915-8c0f2f30d8a0,MardiGras.bot,available,78.98,,78,10,10,namecheap,,
4161e259-38d9-43d8-a735-6cfa311bb36b,tablets.bot,available,78.98,,68,11,7,namecheap,,
4165aa07-f677-4930-970a-e78e3ef1d71c,lactoseintolerance.bot,available,78.98,,56,2,19,namecheap,,
416db83a-945f-484c-ad01-50f2cb6eea28,boundaries.bot,available,78.98,,56,7,10,namecheap,,
417c0887-4c7e-4ffb-ac6d-bbd1440a57bb,accountants.bot,premium,116,116,50,16,11,namesilo,,
418c1edc-c3ff-47b1-b376-d01f049785ef,couples.bot,available,78.98,,52,14,7,namecheap,,
419171ba-d662-4b67-96bb-81b3369773b3,overanxious.bot,available,78.98,,64,1,12,namecheap,,
4197e508-e80e-4b38-9e2b-c0b1b9cdec93,breasts.bot,available,78.98,,50,9,7,namecheap,,
41bdf69c-d7fc-4fb6-861c-705ed3826ee7,hangonto.bot,available,78.98,,70,1,9,namecheap,,
41d27d0a-150e-4e20-a4ba-c49531875fb0,orderarms.bot,available,78.98,,70,1,10,namecheap,,
41ef6db1-5366-4089-b0cf-51ce0b0fd6a1,germs.bot,available,64.99,64.99,40,5,5,namesilo,,
42183288-7bb5-4fe2-9b0b-3aa7fc222965,cometopass.bot,available,78.98,,74,1,12,namecheap,,
424d2639-11f6-4fa1-853e-ae8ed7ffa386,ventilators.bot,available,64.99,64.99,48,4,11,namesilo,,
426f4b3a-2a51-46e8-a94a-179a641d26b2,expires.bot,available,78.98,,50,4,7,namecheap,,
42969449-9b0e-4ab5-ae27-1278d4f7ad95,barkeeper.bot,available,78.98,,70,4,10,namecheap,,
42a822ca-a433-46e5-bc30-3edd036e9e89,mouldbreaking.bot,available,78.98,,64,1,14,namecheap,,
42b01d6f-f1ff-4c40-a234-994269a070fc,gohome.bot,available,78.98,,76,14,7,namecheap,,
42e91502-6217-4b39-ae6f-b63fa056df91,approached.bot,available,78.98,,50,2,10,namecheap,,
4301005c-0e52-4dcc-8380-d1ce999e3553,cliponmicrophone.bot,available,64.99,64.99,48,1,18,namesilo,,
4321cfdb-e811-4fb6-8e1f-a1a1e7d0815c,necks.bot,available,64.99,64.99,52,3,5,namesilo,,
432a1c60-ec32-4c7b-93cc-af460c9098c3,disobeying.bot,available,64.99,64.99,46,1,10,namesilo,,
4354ae0a-cd2c-4025-acff-b5c01eb89147,manyhappies.bot,available,78.98,,72,1,12,namecheap,,
43592e33-e41f-490d-ad26-4c32106b6e23,showin.bot,available,78.98,,72,4,7,namecheap,,
4363cbe0-09b1-483b-80dc-ef7662c4a546,prompts.bot,resell,,,54,39,7,"Dynadot, LLC",13/01/2026 16:17,13/01/2027 16:17
437e5874-11ce-4387-8581-0471c2bbed96,pickover.bot,available,78.98,,62,1,9,namecheap,,
4387973b-0659-49e0-89c6-2abd06b356d6,storytellers.bot,available,64.99,64.99,66,12,12,namesilo,,
43b6dca5-e438-4d23-90fb-a26c4ec2fecd,matches.bot,available,78.98,,64,13,7,namecheap,,
43dbe88b-e59b-497a-b306-bd5b5bbfeb7a,hospitals.bot,premium,625,,64,10,9,name.com,,
43df8e95-1a82-4fee-9177-7d65642345af,somuchfor.bot,available,78.98,,46,0,11,namecheap,,
4405e915-d284-448a-aff6-22aa2df8686a,DakotaCounty.bot,available,78.98,,52,2,13,namecheap,,
440a3657-8a4f-47ec-97d2-1e23ecb305eb,getmoving.bot,available,78.98,,84,7,10,namecheap,,
440dd97a-3a16-44fb-8784-384d6acbab61,unsettles.bot,available,64.99,64.99,43,1,9,namesilo,,
446f0d71-0732-4ee0-82a4-7bde4f691fdf,insofaras.bot,available,78.98,,56,0,12,namecheap,,
4473aa35-b554-4343-8447-0cec37d9445f,translating.bot,available,78.98,,54,7,11,namecheap,,
44805cf0-1239-4fad-b702-38a258f58597,observations.bot,available,78.98,,56,6,12,namecheap,,
44a0a572-0df8-4df2-8cd2-33e3935fb706,devoured.bot,available,64.99,64.99,40,3,8,namesilo,,
44abac5e-78d8-40ab-a043-bea87752e568,errors.bot,available,78.98,,46,11,6,namecheap,,
44f3d28e-8d37-48b2-8c42-01f16877e728,truer.bot,available,64.99,64.99,57,8,5,namesilo,,
45221b6d-cbe9-4387-b6ad-73059bf0a5d2,pairs.bot,available,78.98,,54,11,5,namecheap,,
453bf1e5-b002-44e1-9163-748073dc6212,hangin.bot,available,78.98,,76,4,7,namecheap,,
4541230a-cce8-4566-bf9e-7b1ad1005068,interpersonally.bot,available,64.99,64.99,60,1,15,namesilo,,
45555e3b-e55c-44d4-9df9-5a9bf174e7d5,teaspoonful.bot,available,78.98,,66,1,11,namecheap,,
459af189-bc13-40ab-89c0-eaa32c3e5abd,gettothebottomof.bot,available,78.98,,66,1,20,namecheap,,
45ced199-ad1a-4955-9c27-470620624f7b,highrelief.bot,available,78.98,,71,0,11,namecheap,,
45d23644-4a3b-4b9b-add9-d04c9220fde4,sqft.bot,available,78.98,,72,9,5,namecheap,,
463bac33-05c2-422e-8262-3b84837c0842,permitted.bot,available,78.98,,64,5,9,namecheap,,
4643625b-4fa7-469d-85be-fd3de1bff4e8,colleagues.bot,available,64.99,64.99,56,5,10,namesilo,,
464b0a52-0361-43a9-9628-7e0f1a693ab8,Itellalie.bot,available,78.98,,58,1,12,namecheap,,
465032b5-dc09-4888-8627-9e55a62f321d,William.bot,premium,700,700,74,31,7,namecheap,,
466aeea9-fab4-4e47-9922-afe2d4655f96,fillaway.bot,available,78.98,,70,1,9,namecheap,,
46c4d366-57cb-4386-a21f-6840b8e4c12b,favors.bot,available,78.98,,76,8,6,namecheap,,
46d5983f-19b3-45d6-b2ac-245ab3a935f4,vacationed.bot,available,78.98,,62,1,10,namecheap,,
46f5e0bd-79ec-4d8b-8e5f-6092d1b27bac,offenses.bot,available,64.99,64.99,40,2,8,namesilo,,
46f5ee2a-806b-488e-9468-1d5c9da7433b,intheissue.bot,available,78.98,,50,1,12,namecheap,,
46fdd70e-0cbb-46c3-afe7-b4e86e7ed89c,silences.bot,available,64.99,64.99,46,3,8,namesilo,,
47406c74-30cb-40d9-a180-3b07c7ff2a28,getlucky.bot,available,78.98,,84,10,9,namecheap,,
476f3e7d-2fdf-4ff1-8ea4-1a045905b6a0,yams.bot,available,64.99,64.99,56,10,4,namesilo,,
479e47e3-cbe0-46be-ac65-2da79db6ad5a,advertises.bot,available,78.98,,56,3,10,namecheap,,
47c3e216-b0b6-4267-b764-d7388cf40ed4,horns.bot,available,78.98,,56,9,5,namecheap,,
47cb92f3-fed4-4438-9d38-4b1fbc549c8d,setforth.bot,available,78.98,,72,4,9,namecheap,,
48026388-3fbb-4d33-982b-9138126092e3,carbonmonoxide.bot,available,78.98,,54,4,15,namecheap,,
4805fb28-92ba-443d-baaa-7c070b5cadfb,goesthewholehog.bot,available,64.99,64.99,46,0,18,namesilo,,
480f8cbf-f725-4669-b301-9b4efbc701bc,organizing.bot,available,78.98,,76,12,10,namecheap,,
4826b35f-d5d3-4ceb-87d2-ab39d42e180b,seekout.bot,available,78.98,,77,4,8,namecheap,,
484e9d23-9e06-49bf-8d8a-4a4677bfa95c,demotes.bot,available,64.99,64.99,46,1,7,namesilo,,
487960aa-f9c8-4b0f-b57d-560a47b98bd0,getoutofDodge.bot,available,78.98,,62,1,16,namecheap,,
48ac07dc-be2d-4f87-b73a-ae9ce8398cdb,deadlines.bot,available,64.99,64.99,54,5,9,namesilo,,
48d0473b-4027-42eb-aec1-bfa7cdabf77e,changethechannel.bot,available,78.98,,62,1,18,namecheap,,
48f3a47a-4fc5-4574-aa75-3299a4af1720,workfromhome.bot,available,64.99,64.99,51,16,14,namesilo,,
4902b13c-ef34-4ff0-9cf6-86583ae26a36,supervillains.bot,available,64.99,64.99,46,2,13,namesilo,,
490aad27-e55b-4255-8e3b-1bea7e60b6d2,comewith.bot,available,78.98,,72,3,9,namecheap,,
4911546f-6dc2-4bc3-89eb-088a297fc998,scoops.bot,available,64.99,64.99,54,9,6,namesilo,,
4914d88b-3788-4560-9d7d-b2bcc725e51d,getwiththeprogram.bot,available,78.98,,69,2,20,namecheap,,
491fda33-6c02-4a33-915b-af0f4e3def2f,officecleaner.bot,available,78.98,,41,1,14,namecheap,,
49278b2b-041b-4b1f-8675-e512a42becd5,loaned.bot,available,78.98,,52,3,6,namecheap,,
4931e245-5c33-413e-a6bb-aad5ec03bd93,gotobatfor.bot,available,78.98,,42,1,13,namecheap,,
494495e1-09ca-482b-8c87-11143cb28c72,poreover.bot,available,78.98,,62,1,9,namecheap,,
49465a99-4454-482c-8555-894d874e6ea0,carryforward.bot,available,78.98,,66,3,13,namecheap,,
496d1e2a-3526-45c8-b3c6-bcc30606fb38,referred.bot,available,78.98,,52,6,8,namecheap,,
4992af63-6c68-41bc-aa38-a95518ebce16,sexualassault.bot,available,78.98,,43,3,14,namecheap,,
49acb5a6-2efb-4a78-bd2e-6234f191a57c,carrymeout.bot,available,78.98,,46,1,12,namecheap,,
49c3b38d-8271-4960-a996-f6ab405943a2,pizzaplace.bot,available,64.99,64.99,56,3,11,namesilo,,
49ca11ec-8181-44f0-a1e6-0f71a7033e63,boilingpoint.bot,available,78.98,,60,3,13,namecheap,,
49cb447b-b30d-4b37-af5f-0a2643ad9da1,webs.bot,premium,116,116,56,21,4,namesilo,,
49febb33-469c-4d8d-8021-82d346f6b0fa,runto.bot,available,78.98,,67,8,6,namecheap,,
4a40e636-3d26-4190-b576-bfb0b9666768,puddings.bot,available,64.99,64.99,57,2,8,namesilo,,
4a43ecad-82d6-4ccc-b07c-c9f63b1fb927,studios.bot,resell,,,54,21,7,"Dynadot, LLC",04/04/2026 10:14,04/04/2027 10:14
4a551159-1956-462d-b97b-b9f6c8177277,blowingup.bot,available,78.98,,64,1,10,namecheap,,
4a62e8ab-81cd-48f4-906c-00be2ff81abf,publichousing.bot,available,78.98,,64,3,14,namecheap,,
4a806122-24ff-4515-9584-52ea6bc7f686,justso.bot,available,78.98,,62,7,7,namecheap,,
4a82a3e4-59f9-45e5-a0c6-d4604177bf67,IamHIVpositive.bot,available,78.98,,44,1,17,namecheap,,
4a86a5d9-51b0-4499-9f2b-6799847330f4,hasto.bot,available,64.99,64.99,56,3,6,namesilo,,
4a9994c1-832b-4a65-bc48-3d12a5dbd2e4,newsstand.bot,available,78.98,,52,5,10,namecheap,,
4aa7017b-6751-4983-9168-4139d7b745fa,tomorrows.bot,available,64.99,64.99,60,11,9,namesilo,,
4acbfbea-4886-4419-8161-17a4a10bc762,theone.bot,resell,,,74,32,7,"Spaceship, Inc.",21/11/2025 02:26,21/11/2026 02:26
4ad57790-0997-4fda-a6d9-69333a5dc72c,chiefofpolice.bot,available,78.98,,42,0,15,namecheap,,
4adab57b-3aa9-4ac1-8b4b-76b97dc27aed,makesenseof.bot,available,78.98,,52,1,13,namecheap,,
4ae266cf-940b-4047-b129-804f721c9705,slipby.bot,available,78.98,,64,1,7,namecheap,,
4aeddca4-fdc2-4be8-ae0b-8d54c8736b2c,tbsp.bot,available,78.98,,63,5,4,namecheap,,
4b03b032-bf3e-497b-a705-ca8c0e8cca6c,liquors.bot,available,64.99,64.99,52,7,7,namesilo,,
4b0f376f-1dff-477f-ba8c-f7b1f707f4fd,havenobusiness.bot,available,78.98,,60,1,16,namecheap,,
4b352314-2c17-44f2-bade-a4c5f05c8d86,coffeecakes.bot,available,64.99,64.99,62,2,11,namesilo,,
4b5f5f5a-2f67-45fb-a950-5ad36ee65754,fasttracked.bot,available,64.99,64.99,56,1,12,namesilo,,
4bf09e2c-c2b7-49b8-b194-80aff06a1f60,sheepdog.bot,available,78.98,,76,9,9,namecheap,,
4c07fd80-003c-4bfd-a3ea-54851c3900a5,flashmemory.bot,available,78.98,,76,2,12,namecheap,,
4c12b511-363a-4576-9096-31edcfa7a3e0,thoughts.bot,available,78.98,,65,18,8,namecheap,,
4c36ef6f-ed27-41f5-994b-c473ea5403a2,GeneralTaochicken.bot,available,78.98,,70,1,19,namecheap,,
4c3c2400-9792-4842-98d5-0f01f1e7aac2,finalized.bot,available,78.98,,52,2,9,namecheap,,
4c3d5212-4c54-4f65-9581-cd740b466ff3,coffeegrounds.bot,available,78.98,,72,2,14,namecheap,,
4c530a2c-f9da-4abf-be57-d5c44667fa09,taxfree.bot,available,64.99,64.99,68,11,8,namesilo,,
4c6b46d9-f073-4502-9051-f84828007654,filesize.bot,available,78.98,,64,2,9,namecheap,,
4c89f917-18f4-4f9c-bc23-0e052080724e,holdingtheball.bot,available,78.98,,62,1,16,namecheap,,
4c8ea85f-eaec-4eb6-9d6f-d3e6976e5417,inpower.bot,available,78.98,,47,10,8,namecheap,,
4c98a33d-2444-45f2-bfb2-47c7694fd035,stackup.bot,available,78.98,,64,11,8,namecheap,,
4ca068b9-15e1-44a7-9cf1-48afb4cd5a09,getsick.bot,available,78.98,,72,1,8,namecheap,,
4cbe1f6d-279e-41c4-a6d4-31a7cd80eb3e,havenoidea.bot,available,78.98,,74,1,12,namecheap,,
4cbe5bd4-d383-4f77-ad51-2d03b0ce021b,holdingthecards.bot,available,78.98,,44,1,17,namecheap,,
4ccbf32e-15b3-42d0-8080-e495018b0409,mothers.bot,available,78.98,,68,12,7,namecheap,,
4cccedd3-a973-4753-8ad9-044b72c6d024,threats.bot,available,64.99,64.99,44,8,7,namesilo,,
4ce5893e-6d1a-4139-a3eb-76113671f38a,tunas.bot,available,64.99,64.99,59,6,5,namesilo,,
4cef9359-eef0-403e-9da3-d77e8c8ac9f6,lordofthemanor.bot,available,78.98,,68,1,17,namecheap,,
4cf0742a-55fb-40ea-af12-017c46ca2931,rakeup.bot,available,78.98,,66,2,7,namecheap,,
4d4ea442-ea21-4acb-912a-77f6aa5bc856,pitchdark.bot,available,78.98,,55,2,10,namecheap,,
4d550cc6-2061-4d39-8e64-34c8e7b87ee8,merchants.bot,available,78.98,,56,14,9,namecheap,,
4d56bc52-9125-4798-a6c0-6a1d707024ad,partitioned.bot,available,78.98,,48,2,11,namecheap,,
4d5e471b-334f-4a05-83cd-3ae805110497,forests.bot,available,78.98,,60,11,7,namecheap,,
4d6697f1-6071-4982-9f81-7786a98692fe,publichealth.bot,available,78.98,,72,13,13,namecheap,,
4d77c7af-a742-497f-bf37-0328ad0fddd1,goonebetter.bot,available,78.98,,62,1,13,namecheap,,
4da63d12-081f-44cc-a67e-011b5bc276ca,lunchwards.bot,available,78.98,,68,1,10,namecheap,,
4da77784-0dc3-4a39-a8ca-1bfe3548b0f7,makefirstbase.bot,available,78.98,,42,1,15,namecheap,,
4daf6de5-8752-4926-bcfc-40345ed5916f,gotto.bot,available,64.99,64.99,54,6,6,namesilo,,
4dee04ed-5609-4113-85dc-3942c86c7145,backs.bot,available,78.98,,56,5,5,namecheap,,
4df25ecd-34b1-426b-a2e9-c662d6e02281,arrested.bot,available,78.98,,60,7,8,namecheap,,
4e1e1457-b512-4d6e-9206-265209c31f04,closets.bot,available,78.98,,56,10,7,namecheap,,
4e2abbfc-29d7-4bce-9ef7-d033fbb99975,fastgrowing.bot,available,78.98,,72,3,12,namecheap,,
4e381014-1e92-4ede-8fd8-138409480b7e,commonstock.bot,available,78.98,,68,3,12,namecheap,,
4e3c47da-83f5-4150-8584-a2d51a26abf4,Godknew.bot,available,64.99,64.99,60,1,8,namesilo,,
4e41ba8f-a562-4f3b-acdc-e8e0d5f023fb,wandered.bot,available,78.98,,56,4,8,namecheap,,
4e755bc5-0d7b-4663-b9d1-7a3892cea537,thanksgiving.bot,available,78.98,,84,13,12,namecheap,,
4e782f5f-fe88-445c-941f-5c4a0bf48db3,wonders.bot,available,78.98,,62,16,7,namecheap,,
4ec64ebb-77ff-44d7-a916-a8cf78223b35,shells.bot,available,64.99,64.99,58,9,6,namesilo,,
4ee4a1ac-3839-411c-aa02-a35d9c8a3947,lordsandladies.bot,available,78.98,,68,2,16,namecheap,,
4f0247e5-948b-4c58-99b4-b1d23ddee1a7,specialed.bot,available,78.98,,76,6,10,namecheap,,
4f1274ab-8346-48f4-bcad-1379fdec1abd,multipurpose.bot,available,78.98,,54,4,13,namecheap,,
4f13f6e5-71e8-4d38-80c4-2748045e7bcd,tartarsauce.bot,available,78.98,,76,2,12,namecheap,,
4f209c7d-792a-4590-8226-72318a7e1a49,wins.bot,available,78.98,,68,21,4,namecheap,,
4f2ad581-d32a-41eb-b20e-4e035fbc38a2,getoffthemark.bot,available,78.98,,66,0,16,namecheap,,
4f527da9-4783-4037-800b-b76b815b6a62,pinked.bot,available,78.98,,53,5,6,namecheap,,
4f5815ea-7690-44a9-9432-6712c8e5173e,paparazzi.bot,available,78.98,,71,12,9,namecheap,,
4f69ce9a-68f2-4580-91ed-9d99e173956e,letterofdismissal.bot,available,78.98,,44,1,19,namecheap,,
4f69dbd5-9d07-49c4-adf4-3d4a45de26c9,dropsoff.bot,available,64.99,64.99,52,1,9,namesilo,,
4f906b8a-207e-462a-a419-23f2e028aa26,letpass.bot,available,78.98,,56,1,8,namecheap,,
4fac1f1b-06fd-4e07-ab2d-d395810e3206,pumpup.bot,available,78.98,,76,5,7,namecheap,,
4fced455-e739-4164-a1e7-0a5857dcf04f,getover.bot,available,78.98,,79,4,8,namecheap,,
4fd22d9e-2f38-4399-b0d3-12caa260b769,ambulances.bot,available,64.99,64.99,58,5,10,namesilo,,
4fd32496-4b6a-47a0-a8ad-31a299880980,SouthTyrol.bot,available,78.98,,66,6,11,namecheap,,
5021c57b-def0-4684-bee3-e83639862eb2,StGeorges.bot,available,78.98,,54,6,10,namecheap,,
504876b5-0844-4677-a439-4e76f341ad2f,cheeseit.bot,available,78.98,,54,2,9,namecheap,,
5055a950-13d8-49a9-a5e9-d46e7feacd3f,filesharing.bot,available,78.98,,76,7,12,namecheap,,
506f842c-27f1-4d8a-b43f-172d0bf24127,prototypes.bot,available,64.99,64.99,56,9,10,namesilo,,
507e87ba-f658-4c54-b675-25085e3a9231,generalrank.bot,available,78.98,,50,1,12,namecheap,,
50b8ec20-f298-4dcf-8543-a6785a5de837,oranything.bot,available,78.98,,44,1,11,namecheap,,
50c9ffe8-e3ec-47ad-9370-96708c0f4b8e,keypress.bot,available,78.98,,76,5,9,namecheap,,
50cbac1b-2271-46f0-b183-d75392fd6510,adverbs.bot,available,78.98,,50,3,7,namecheap,,
50de8941-5447-428b-9339-1b158578a47f,brothers.bot,available,78.98,,60,22,8,namecheap,,
51142bcb-c352-4e1f-a440-9d2566a10b0f,thenandthere.bot,available,78.98,,54,2,14,namecheap,,
513b78d6-2972-47b3-9191-b874b7fc030a,believes.bot,available,64.99,64.99,64,4,8,namesilo,,
5169a3a9-d19f-44f2-9eac-5f8838bdfd5a,railways.bot,available,64.99,64.99,51,6,8,namesilo,,
51786966-be01-4ba8-902c-e6c20f748fb4,timbertruss.bot,available,78.98,,54,2,12,namecheap,,
517ada4e-0736-486a-91cd-3cf1a5a04cb0,travellers.bot,available,78.98,,53,11,10,namecheap,,
518f3990-3053-4cb5-ae10-0586cfdc4ce6,libraries.bot,available,64.99,64.99,58,11,9,namesilo,,
518f9e92-cd74-4454-9659-2ed4b21739e8,failed.bot,available,78.98,,60,11,6,namecheap,,
51952ba6-392a-4a0b-830e-7317d825c746,payoff.bot,available,78.98,,70,8,7,namecheap,,
51a7809e-afac-4e1b-a651-15cfa82053a5,conveniencestores.bot,available,64.99,64.99,46,2,18,namesilo,,
51ad7463-39c3-45f8-898f-d54871ae1796,scooped.bot,available,78.98,,48,5,7,namecheap,,
5219b8c7-6b42-448c-9bef-e88129c87a2c,twentythree.bot,available,78.98,,65,7,12,namecheap,,
523cf2cb-2cec-455b-8fb9-d1a3363d9be4,workmanship.bot,available,78.98,,74,3,11,namecheap,,
525a5b55-bbe3-40fc-ae51-ae47dc778b2e,smashit.bot,available,78.98,,72,8,8,namecheap,,
526459bc-bd27-4d3f-a120-fdc3484f0150,watched.bot,available,78.98,,74,7,7,namecheap,,
52a9b930-99d4-46ac-ba42-4b4a9275887d,continentalshelf.bot,available,78.98,,60,3,17,namecheap,,
52dd9ded-3047-4e68-be6c-1bb6363fca4a,denominations.bot,available,64.99,64.99,42,2,13,namesilo,,
530fb699-f511-4e07-9897-ef7f59d9ed8f,midlifecrisis.bot,available,78.98,,58,9,15,namecheap,,
531eb707-47f4-4d05-bb2b-a82477a51472,papered.bot,available,64.99,64.99,50,3,7,namesilo,,
5327717c-6018-4f9a-a28c-21f86c67f796,plateout.bot,available,78.98,,65,1,9,namecheap,,
5337023b-039e-4d75-8d4e-1bdf5375bfe6,plz.bot,premium,125,,72,14,3,name.com,,
534077c6-05a4-4801-931b-82a65bce15e1,gopast.bot,available,78.98,,68,0,7,namecheap,,
5368cf15-6c2b-4831-9406-b6a817233498,getwise.bot,available,78.98,,77,6,8,namecheap,,
5374b425-1eb8-4c32-9265-90dcdc325be2,publishers.bot,available,64.99,64.99,54,9,10,namesilo,,
537a3c93-0beb-4e88-9bf9-4a191bdfc3ea,throats.bot,available,64.99,64.99,44,2,7,namesilo,,
538065cc-17c3-46c1-a551-13cc0279fb2b,LoneRanger.bot,available,78.98,,70,4,11,namecheap,,
5386b2ce-e093-4be9-ac91-228c24745426,attendto.bot,available,78.98,,70,1,9,namecheap,,
539cc032-3598-405b-bf43-ba8e927cc09a,targets.bot,available,78.98,,54,10,7,namecheap,,
53a920d0-233e-4c05-bec7-90eb53915540,instep.bot,available,78.98,,72,7,7,namecheap,,
53c8697c-7d73-4ea6-b025-08191d94987c,explains.bot,available,64.99,64.99,50,4,8,namesilo,,
53f8ac23-7c74-464c-8f8c-67d4c6544db7,cometoahalt.bot,available,78.98,,62,0,14,namecheap,,
5420ac72-fd73-4872-9149-c49d63fe1c4c,manages.bot,available,78.98,,56,3,7,namecheap,,
5451679f-6218-4671-ab2c-2c52664c7dd0,fails.bot,available,78.98,,46,7,5,namecheap,,
5466920e-8004-4681-83f6-d183ea06ee7d,replies.bot,available,78.98,,54,7,7,namecheap,,
5469c2ce-005d-4597-a09f-4435b6b9be37,Ihavediabetes.bot,available,78.98,,50,2,15,namecheap,,
546de689-fdac-4273-a7e5-162bf9424387,takeanap.bot,available,78.98,,73,2,10,namecheap,,
5496e35e-d466-445e-91a5-0fdfab86ba5e,gomissing.bot,available,78.98,,70,1,10,namecheap,,
54bc17e4-dc34-4de6-aa87-592aa3dacd2d,tracks.bot,available,78.98,,60,18,6,namecheap,,
54bedd9a-f0a9-4944-b4ae-082225e33866,longterm.bot,available,78.98,,72,10,9,namecheap,,
54ebb589-6066-4fe5-bb82-62a9deef4047,goforth.bot,available,78.98,,74,11,8,namecheap,,
550d4037-b2fc-4bad-a149-db2441329a99,gototherestroom.bot,available,78.98,,56,1,18,namecheap,,
5533a4af-7097-4f96-b6c9-30177a1ee844,havethefoggiest.bot,available,64.99,64.99,54,1,17,namesilo,,
556cf48b-0bf1-47ab-b1c5-9e0f11da86b1,orchestra.bot,resell,,,87,24,9,Atom.com Domains LLC,11/04/2026 15:56,11/04/2027 15:56
5574a3c4-df6b-4d0a-a79b-eca5ea1e9580,workingorder.bot,available,78.98,,64,1,13,namecheap,,
557896cb-dace-4ce8-8d2a-26b19576ad0f,replied.bot,available,78.98,,58,4,7,namecheap,,
557e9a6a-33fa-46e5-ab9b-bbad14ed9796,speeds.bot,available,64.99,64.99,53,8,6,namesilo,,
5580e991-4751-4ffd-afc9-52b5d19c325d,manyhandedness.bot,available,78.98,,64,1,15,namecheap,,
5592386e-0c33-4752-a427-54c4e88450f5,decidedness.bot,available,64.99,64.99,74,1,11,namesilo,,
55924bcc-3d20-441d-8ec5-c27d24d4686c,ovens.bot,available,64.99,64.99,55,6,5,namesilo,,
55c33bb5-3eae-4ed6-ab99-f0caba72793d,reacted.bot,available,64.99,64.99,52,3,7,namesilo,,
55da97cb-a0c6-44f9-92ca-c333d2d98fb9,chestnuts.bot,available,64.99,64.99,54,5,9,namesilo,,
5600b36b-846e-420a-a0d0-297c593f8bb4,midbreakfast.bot,available,78.98,,70,1,12,namecheap,,
56236a98-9a20-480e-990a-e4c2bb458902,deteriorates.bot,available,64.99,64.99,38,1,12,namesilo,,
562e51e8-f618-4209-89e8-e3bd7c8986b4,VHS.bot,premium,140,140,71,20,3,namecheap,,
564cee83-f9c1-4d24-8754-d9dc065c81e4,backyard.bot,available,78.98,,80,27,9,namecheap,,
5665f8e0-7d8d-4785-924d-377688323f4b,kicks.bot,available,78.98,,77,15,5,namecheap,,
566bd8d4-9116-4e25-9beb-0d9008a860dc,haveto.bot,available,78.98,,78,3,7,namecheap,,
56737da8-cafb-409c-9257-268c9f4e0d75,disappointments.bot,available,64.99,64.99,30,1,15,namesilo,,
56786f10-2db1-4b20-8c9e-9fd922334e6c,gocrazy.bot,available,78.98,,72,5,8,namecheap,,
568f73de-da5a-4d3b-8a4d-97c9800f96a8,sqin.bot,available,78.98,,72,3,5,namecheap,,
569e9221-fdc7-4887-8f64-09af3ff87aae,nojoke.bot,available,78.98,,48,4,7,namecheap,,
56ae7c7f-c630-4065-8b17-8e78bc11b5f4,OpiumWar.bot,available,78.98,,52,1,9,namecheap,,
56c8fc29-3034-492b-a772-9e036e358591,lunchmaking.bot,available,78.98,,78,1,11,namecheap,,
56ca3ede-9977-4caf-b5ea-b5badb83a1c1,bonfires.bot,available,64.99,64.99,60,4,8,namesilo,,
56f1388d-8c96-4a04-a577-d735f73ae80b,softenup.bot,available,78.98,,68,1,9,namecheap,,
56f79bfc-f30f-4213-879c-a6ad14846fde,strepthroat.bot,available,78.98,,68,2,12,namecheap,,
5701e7f6-a865-4588-8590-de3ce3b1f791,metal.bot,resell,,,82,29,5,"Spaceship, Inc.",19/04/2025 19:30,19/04/2027 19:30
5738d39f-5496-43fb-bd13-b4259781e39c,divinejustice.bot,available,78.98,,49,2,14,namecheap,,
57511df4-6e40-45bf-a512-b6ff24be370c,universities.bot,premium,125,,54,9,12,name.com,,
575fdc23-5bcb-4c2f-a771-9d8823ae2bcd,cuttothechase.bot,available,78.98,,68,4,16,namecheap,,
577e8516-6485-4d81-b497-abecb823a90d,objected.bot,available,64.99,64.99,48,2,8,namesilo,,
578022e3-e661-40e2-ad21-b15f6a61c4d0,moveit.bot,available,78.98,,77,13,7,namecheap,,
57a63f0b-6441-4a16-b638-e0e17b161bbb,worlds.bot,resell,,,62,17,6,Porkbun LLC,20/01/2026 10:34,20/01/2027 10:34
57ac4414-bd74-4dfe-8515-b50bda699ad1,remembered.bot,available,78.98,,65,8,10,namecheap,,
57c54c34-15b4-4f0d-b1f2-df1583b82690,devotes.bot,available,64.99,64.99,56,2,7,namesilo,,
57edae0b-743f-4eb0-9703-58ae54ebdd57,revolutions.bot,available,78.98,,52,9,11,namecheap,,
58058f66-a7ca-455e-8136-0e2f1dca2ac5,privatesector.bot,available,78.98,,64,2,14,namecheap,,
58163c5d-d7e1-47b0-88ce-6a9e238a95dc,gooutwithabang.bot,available,78.98,,66,1,18,namecheap,,
585d7f0e-b689-4707-bfc4-6a553048a9d1,AcademyAwards.bot,available,78.98,,68,3,14,namecheap,,
5897cc39-b861-4eed-ae9d-6c5e992fc6a6,proofs.bot,available,78.98,,55,13,6,namecheap,,
58b6912b-cd67-4638-9326-9cb214226e28,gonedownthetube.bot,available,64.99,64.99,30,1,18,namesilo,,
58cc23e2-d0ea-4e8c-a0ea-599f985ab373,underestimated.bot,available,78.98,,42,6,14,namecheap,,
58e61319-cae6-4b5d-997c-5362ca8a6afe,requesting.bot,available,78.98,,49,5,10,namecheap,,
5939aa80-1035-46f3-96ac-9c1cb49291b1,regions.bot,available,78.98,,64,59,7,namecheap,,
594f6fad-186f-4bfb-9f3e-bd92236da9f5,believeme.bot,available,78.98,,68,3,10,namecheap,,
598c98c8-3556-4cf6-a113-1cf6fb10ec07,opinions.bot,available,78.98,,62,11,8,namecheap,,
5997164a-474a-40e4-919d-7e1549ebd478,CountyofQueens.bot,available,78.98,,44,1,16,namecheap,,
5999fdb3-2fcd-4204-8383-357b70664f1a,traders.bot,resell,,,60,26,7,"Dynadot, LLC",06/11/2023 05:58,06/11/2026 05:58
599c7801-7b87-495d-b635-a372ee91b804,seperately.bot,available,78.98,,48,1,10,namecheap,,
59d21875-bdb3-49f6-acc7-2c35dc385266,chefs.bot,available,78.98,,68,18,5,namecheap,,
59d4212f-0156-4276-9e21-b3df7c7af5c6,techniques.bot,available,64.99,64.99,50,5,10,namesilo,,
59e6c529-fa7c-4cc2-99b1-8b3faa7c935c,proves.bot,available,78.98,,56,3,6,namecheap,,
59ff16de-b690-44c0-a184-bc9738003397,getonboard.bot,available,78.98,,64,11,12,namecheap,,
5a239871-9c84-4c37-b4ca-ee816c43fc9b,launchsite.bot,available,64.99,64.99,60,7,11,namesilo,,
5a267ddd-ec66-41cc-b0f1-10f787304b2a,doup.bot,available,64.99,64.99,70,5,5,namesilo,,
5a2b623a-c111-4190-8211-37e64dbc4c72,childdevelopment.bot,available,78.98,,48,4,17,namecheap,,
5a348a0c-ca3b-4d1f-a193-726fd407da63,drying.bot,available,78.98,,68,6,6,namecheap,,
5a37f5a4-2d4d-42c6-acb7-5b5c3e746ca8,pursues.bot,available,64.99,64.99,58,1,7,namesilo,,
5a384a05-b127-47f3-8d34-30944e81ac27,sportsperson.bot,available,78.98,,77,2,12,namecheap,,
5a973456-2aa9-4ad1-b786-54175bec0838,honeymooning.bot,available,64.99,64.99,82,2,12,namesilo,,
5a9df7c6-7f5f-4e59-9ed3-dce1fc00710b,ballplayer.bot,available,78.98,,74,3,11,namecheap,,
5aa93c9a-c2ee-491a-9169-3a19123f44f9,tornados.bot,available,78.98,,50,4,8,namecheap,,
5ab22f2a-bd2d-4ab8-b600-196036ab486e,cutthrough.bot,available,78.98,,74,6,11,namecheap,,
5abd75b1-674a-4d27-913b-326cfcb14de6,getofflightly.bot,available,78.98,,70,1,15,namecheap,,
5aea0356-209f-4911-8e9d-0b7c20e07d62,keepthepace.bot,available,78.98,,66,1,13,namecheap,,
5b1b59f5-d6bf-4f02-8524-db83ef5dd3d4,cometolight.bot,available,78.98,,68,1,13,namecheap,,
5b257563-9f21-48e9-b92b-80d406a5801f,tryon.bot,resell,,,77,13,6,"Dynadot, LLC",16/07/2025 12:40,16/07/2026 12:40
5b595878-fd15-4d3e-809b-c81a90cef537,gooutonalimb.bot,available,78.98,,60,1,16,namecheap,,
5b69879f-bb8d-4694-b537-bdddcf6ee522,winners.bot,available,64.99,64.99,60,81,7,namesilo,,
5b70695e-1ab9-4ec0-9bbb-5a08dbe7bdc2,postponement.bot,available,78.98,,57,1,12,namecheap,,
5b772c69-b0f8-493f-b8df-9d69f379ca97,rubs.bot,available,64.99,64.99,52,6,4,namesilo,,
5bd78828-37ca-40d0-92e4-99d4af747c35,attends.bot,available,78.98,,54,6,7,namecheap,,
5be63988-54eb-4009-b8ee-e97845865993,barns.bot,available,64.99,64.99,50,7,5,namesilo,,
5bfe6da5-367c-4ee0-8782-80691a554a13,porkroast.bot,available,78.98,,59,0,10,namecheap,,
5c058b0d-f72c-4572-ae57-8717100d07f8,imutation.bot,available,78.98,,76,1,10,namecheap,,
5c093aac-98c1-4859-9457-484616cdc5ee,excitingness.bot,available,78.98,,68,1,12,namecheap,,
5c10a7cc-1215-48a6-a5c8-63f4574a4653,surveys.bot,premium,1250,,56,15,7,name.com,,
5c1ae617-e03b-4270-aa98-207443f6df46,pestcontrol.bot,available,78.98,,74,18,12,namecheap,,